x,y,mean,0.05,0.5,0.95
-5.0,-4.1837854,-3.5930295,-7.330454,-3.4663267,-2.703529
-4.990225,-3.1675158,-3.6182675,-7.3579326,-3.495828,-2.7257352
-4.9804497,-3.2929177,-3.6437378,-7.3854675,-3.5253758,-2.748267
-4.9706745,-4.049681,-3.669437,-7.4130554,-3.5549698,-2.77113
-4.9608994,-3.421078,-3.6953628,-7.440692,-3.5846095,-2.7943292
-4.951124,-3.3686554,-3.72151,-7.468376,-3.6142964,-2.8178701
-4.941349,-4.2109027,-3.7478776,-7.4961042,-3.6440306,-2.8417578
-4.931574,-4.0501194,-3.7744613,-7.5238714,-3.6738093,-2.865994
-4.9217987,-3.3092055,-3.8012562,-7.5516787,-3.7036338,-2.8905811
-4.9120235,-2.3652544,-3.82826,-7.579521,-3.7335045,-2.9155219
-4.9022484,-6.991399,-3.8554673,-7.607397,-3.7634215,-2.9408162
-4.892473,-3.597858,-3.8828769,-7.635302,-3.7933831,-2.966465
-4.882698,-5.1077027,-3.9104824,-7.6632357,-3.8233905,-2.9924679
-4.872923,-2.3225927,-3.9382808,-7.6911936,-3.8534424,-3.0188234
-4.8631477,-2.986569,-3.9662685,-7.7191744,-3.8835409,-3.0455296
-4.8533726,-3.7937887,-3.9944398,-7.747175,-3.9136825,-3.0725837
-4.8435974,-3.008895,-4.0227923,-7.775194,-3.9438696,-3.099982
-4.8338223,-4.555162,-4.0513206,-7.803228,-3.974101,-3.1277199
-4.824047,-5.4513803,-4.0800214,-7.831275,-4.0043774,-3.1557927
-4.814272,-5.069363,-4.1088905,-7.859334,-4.0346975,-3.184195
-4.804497,-5.414958,-4.137923,-7.8874006,-4.0650616,-3.2129207
-4.7947216,-4.811596,-4.1671143,-7.915474,-4.0954685,-3.241963
-4.7849464,-5.1838284,-4.1964607,-7.943552,-4.1259193,-3.2713137
-4.7751713,-4.3971257,-4.2259583,-7.9716334,-4.156413,-3.3009648
-4.765396,-4.2662816,-4.255603,-7.999715,-4.1869507,-3.3309088
-4.755621,-5.066511,-4.285388,-8.027795,-4.21753,-3.3611355
-4.7458453,-5.0677514,-4.3153143,-8.055875,-4.2481527,-3.3916368
-4.73607,-5.534169,-4.345372,-8.083947,-4.278817,-3.4224005
-4.726295,-4.0873594,-4.3755593,-8.112013,-4.3095207,-3.4534183
-4.71652,-3.4594574,-4.4058723,-8.140072,-4.340267,-3.4846773
-4.7067447,-4.560137,-4.436307,-8.168119,-4.3710537,-3.5161676
-4.6969695,-4.412425,-4.466857,-8.196157,-4.40188,-3.5478797
-4.6871943,-3.6390948,-4.4975214,-8.224182,-4.4327474,-3.5797997
-4.677419,-5.14226,-4.528294,-8.252192,-4.463652,-3.611917
-4.667644,-5.5648837,-4.5591717,-8.280188,-4.4945974,-3.64422
-4.657869,-5.195512,-4.5901504,-8.308164,-4.52558,-3.6766968
-4.6480937,-6.4663897,-4.621226,-8.3361225,-4.5566,-3.7093358
-4.6383185,-4.9564824,-4.6523943,-8.364061,-4.587657,-3.7421236
-4.6285434,-6.3747544,-4.683654,-8.391979,-4.6187496,-3.7750492
-4.618768,-6.739297,-4.714997,-8.419874,-4.6498795,-3.8081014
-4.608993,-6.652463,-4.7464232,-8.447748,-4.6810436,-3.8412676
-4.599218,-5.7033725,-4.777927,-8.475594,-4.7122416,-3.8745356
-4.5894427,-4.9436173,-4.8095055,-8.503415,-4.743473,-3.9078946
-4.5796676,-6.114945,-4.8411555,-8.53121,-4.774737,-3.941334
-4.5698924,-4.46227,-4.8728733,-8.558975,-4.806032,-3.9748425
-4.5601172,-3.1297672,-4.904654,-8.58671,-4.8373585,-4.008407
-4.550342,-4.2013006,-4.9364967,-8.614416,-4.8687143,-4.042019
-4.540567,-5.5498214,-4.9683967,-8.64209,-4.9000998,-4.0756693
-4.5307918,-5.650791,-5.00035,-8.669731,-4.931511,-4.109346
-4.5210166,-5.2632933,-5.0323553,-8.697337,-4.9629507,-4.1430397
-4.5112414,-4.1730647,-5.0644083,-8.724908,-4.9944143,-4.176741
-4.5014663,-4.176335,-5.096506,-8.752442,-5.0259027,-4.2104425
-4.491691,-3.3927443,-5.128645,-8.779939,-5.057414,-4.244133
-4.481916,-7.3164415,-5.160824,-8.807396,-5.0889463,-4.2778063
-4.472141,-5.02492,-5.193037,-8.834814,-5.1204996,-4.311455
-4.4623656,-4.91638,-5.225283,-8.862188,-5.152072,-4.345072
-4.4525905,-5.193199,-5.257559,-8.889522,-5.1836605,-4.3786497
-4.4428153,-5.271412,-5.289862,-8.91681,-5.2152653,-4.412182
-4.43304,-4.8109064,-5.322188,-8.944053,-5.2468843,-4.4456615
-4.423265,-6.555539,-5.3545365,-8.971249,-5.278517,-4.479087
-4.41349,-5.428365,-5.3869033,-8.998395,-5.3101587,-4.512449
-4.4037147,-3.6121073,-5.4192843,-9.025491,-5.3418107,-4.545746
-4.3939395,-6.4449625,-5.451679,-9.052536,-5.3734694,-4.5789723
-4.3841643,-5.778938,-5.4840846,-9.079529,-5.405132,-4.6121264
-4.374389,-4.6081657,-5.5164957,-9.106463,-5.436799,-4.6452026
-4.364614,-7.264921,-5.548913,-9.133344,-5.468468,-4.6782002
-4.354839,-7.311206,-5.581331,-9.160163,-5.500135,-4.711117
-4.3450637,-5.9015,-5.6137486,-9.186922,-5.5317984,-4.743952
-4.3352885,-7.240176,-5.646162,-9.213619,-5.5634575,-4.776703
-4.3255134,-6.446499,-5.678569,-9.240249,-5.595107,-4.809369
-4.315738,-7.7329507,-5.7109656,-9.266813,-5.626748,-4.841952
-4.305963,-7.132771,-5.743351,-9.293309,-5.6583753,-4.87445
-4.296188,-6.455638,-5.775721,-9.319733,-5.6899867,-4.906864
-4.2864127,-5.939406,-5.8080726,-9.346081,-5.721581,-4.9391966
-4.2766376,-5.5434003,-5.8404036,-9.372354,-5.753154,-4.971447
-4.2668624,-7.2300496,-5.87271,-9.398546,-5.784703,-5.003618
-4.257087,-7.25796,-5.904991,-9.424656,-5.816226,-5.0357127
-4.2473116,-6.197441,-5.9372425,-9.4506855,-5.8477197,-5.067734
-4.2375364,-7.6797905,-5.9694595,-9.476623,-5.87918,-5.09968
-4.2277613,-7.0920467,-6.0016394,-9.502472,-5.9106045,-5.131558
-4.217986,-7.438298,-6.03378,-9.528225,-5.9419885,-5.16337
-4.208211,-5.6196537,-6.065878,-9.553883,-5.973332,-5.19512
-4.198436,-7.8183675,-6.097929,-9.579439,-6.004629,-5.226809
-4.1886606,-6.1399617,-6.1299295,-9.604893,-6.0358753,-5.258443
-4.1788855,-6.0543184,-6.1618776,-9.6302395,-6.067069,-5.290024
-4.1691103,-7.3854074,-6.1937685,-9.655476,-6.0982065,-5.3215575
-4.159335,-6.9915543,-6.225599,-9.680595,-6.129283,-5.3530436
-4.14956,-7.6672363,-6.2573633,-9.705601,-6.160295,-5.3844886
-4.139785,-6.8321395,-6.2890606,-9.73048,-6.191238,-5.4158945
-4.1300097,-8.132422,-6.3206844,-9.755236,-6.2221084,-5.4472647
-4.1202345,-5.655426,-6.352232,-9.779861,-6.252902,-5.4786
-4.1104593,-4.679754,-6.3836975,-9.804353,-6.2836156,-5.5099044
-4.100684,-7.7083383,-6.415078,-9.828705,-6.3142433,-5.5411777
-4.090909,-6.4476886,-6.44637,-9.852913,-6.3447804,-5.5724235
-4.081134,-6.3975224,-6.477568,-9.876976,-6.375223,-5.60364
-4.0713587,-6.2542653,-6.508666,-9.900885,-6.4055686,-5.6348267
-4.0615835,-7.1812277,-6.5396605,-9.924639,-6.43581,-5.665985
-4.0518084,-6.462179,-6.570547,-9.94823,-6.4659424,-5.697112
-4.042033,-7.4002666,-6.6013203,-9.971654,-6.495961,-5.7282033
-4.032258,-7.17677,-6.631974,-9.994908,-6.5258627,-5.7592583
-4.022483,-7.310818,-6.662505,-10.017986,-6.55564,-5.790271
-4.0127077,-8.353613,-6.692906,-10.040882,-6.5852895,-5.8212337
-4.0029325,-6.2681174,-6.7231727,-10.063593,-6.614805,-5.8521433
-3.9931574,-6.989144,-6.7532997,-10.08611,-6.6441827,-5.8829904
-3.9833822,-7.504051,-6.7832804,-10.108432,-6.6734157,-5.913766
-3.973607,-7.4933143,-6.8131094,-10.1305485,-6.7024984,-5.944461
-3.963832,-7.1118655,-6.842781,-10.15246,-6.7314262,-5.9750605
-3.9540567,-8.446083,-6.8722897,-10.174156,-6.760194,-6.005555
-3.9442816,-5.550159,-6.901629,-10.195633,-6.7887926,-6.0359306
-3.9345064,-6.9638367,-6.93079,-10.216885,-6.8172216,-6.0661707
-3.9247313,-6.899205,-6.959771,-10.2379055,-6.8454714,-6.09626
-3.914956,-7.8661995,-6.9885626,-10.258692,-6.873538,-6.1261806
-3.905181,-6.43278,-7.0171585,-10.279234,-6.901414,-6.1559153
-3.8954058,-7.5004444,-7.0455527,-10.299528,-6.9290943,-6.1854424
-3.8856306,-7.835644,-7.073738,-10.319569,-6.9565725,-6.2147427
-3.8758554,-7.089526,-7.1017084,-10.33935,-6.9838424,-6.2437944
-3.86608,-7.374841,-7.1294556,-10.358864,-7.0108986,-6.2725763
-3.856305,-7.4755855,-7.156974,-10.378106,-7.037734,-6.3010635
-3.8465297,-8.6139145,-7.184253,-10.39707,-7.064343,-6.3292317
-3.8367546,-6.459254,-7.21129,-10.41575,-7.0907173,-6.357058
-3.8269794,-7.329298,-7.2380743,-10.434138,-7.1168537,-6.3845177
-3.8172042,-8.704078,-7.2646017,-10.45223,-7.142743,-6.411584
-3.807429,-6.8518467,-7.290861,-10.47002,-7.16838,-6.438232
-3.797654,-8.253032,-7.3168483,-10.487501,-7.193758,-6.4644375
-3.7878788,-8.189428,-7.342553,-10.504665,-7.21887,-6.4901752
-3.7781036,-9.430307,-7.3679676,-10.521513,-7.2437105,-6.515419
-3.7683284,-9.036414,-7.393088,-10.53803,-7.2682724,-6.5401435
-3.7585533,-7.807653,-7.417903,-10.5542145,-7.2925496,-6.5643263
-3.748778,-8.35043,-7.4424057,-10.570059,-7.316534,-6.587942
-3.739003,-6.083531,-7.466588,-10.585556,-7.3402195,-6.6109676
-3.7292278,-8.170515,-7.490443,-10.600704,-7.363601,-6.633382
-3.7194526,-8.574564,-7.5139627,-10.615494,-7.386669,-6.6551623
-3.7096775,-8.061562,-7.537138,-10.629919,-7.409419,-6.676292
-3.6999023,-8.686344,-7.559962,-10.643974,-7.4318433,-6.696745
-3.6901271,-7.916718,-7.582426,-10.657654,-7.4539366,-6.716511
-3.680352,-8.393609,-7.604523,-10.670952,-7.475691,-6.7355685
-3.6705768,-7.369465,-7.6262465,-10.683863,-7.4970994,-6.7539062
-3.6608016,-9.148374,-7.647585,-10.696379,-7.518156,-6.7715073
-3.6510265,-6.619814,-7.6685324,-10.708499,-7.5388536,-6.7883635
-3.6412513,-9.758913,-7.689082,-10.720212,-7.559186,-6.8044634
-3.6314762,-8.674719,-7.7092247,-10.731515,-7.5791464,-6.8197966
-3.6217008,-8.106192,-7.728953,-10.742403,-7.59873,-6.8343573
-3.6119256,-7.9565516,-7.748259,-10.752869,-7.617928,-6.8481407
-3.6021504,-9.80141,-7.7671347,-10.762909,-7.6367326,-6.861142
-3.5923753,-9.847515,-7.785572,-10.772515,-7.655141,-6.8733606
-3.5826,-9.147325,-7.803566,-10.781687,-7.673145,-6.884795
-3.572825,-8.601891,-7.8211064,-10.790416,-7.6907372,-6.8954477
-3.5630498,-7.333252,-7.838187,-10.798695,-7.7079134,-6.9053183
-3.5532746,-8.899493,-7.8548007,-10.806523,-7.7246637,-6.914416
-3.5434995,-7.6319337,-7.870939,-10.813895,-7.740988,-6.922742
-3.5337243,-7.219486,-7.8865957,-10.8208065,-7.7568746,-6.9303064
-3.5239491,-7.885479,-7.9017634,-10.827248,-7.77232,-6.937113
-3.514174,-7.263627,-7.9164352,-10.833221,-7.7873173,-6.9431744
-3.5043988,-7.514218,-7.9306045,-10.838718,-7.8018613,-6.9485025
-3.4946237,-9.118316,-7.944264,-10.843739,-7.8159447,-6.9531045
-3.4848485,-8.3406105,-7.9574075,-10.848273,-7.829563,-6.956995
-3.4750733,-8.397636,-7.970028,-10.852321,-7.8427105,-6.960187
-3.4652982,-6.8799767,-7.9821196,-10.855878,-7.85538,-6.9626937
-3.455523,-7.5874715,-7.993676,-10.858939,-7.867569,-6.964528
-3.4457479,-8.443594,-8.004692,-10.861503,-7.8792696,-6.965707
-3.4359727,-7.0819345,-8.015161,-10.863565,-7.890477,-6.966243
-3.4261975,-7.337534,-8.025074,-10.865122,-7.9011855,-6.9661536
-3.4164224,-7.523494,-8.03443,-10.866171,-7.911392,-6.965452
-3.4066472,-9.680641,-8.043222,-10.866708,-7.921088,-6.964156
-3.396872,-8.864383,-8.051445,-10.866733,-7.930271,-6.9622774
-3.387097,-9.194381,-8.059093,-10.86624,-7.938937,-6.9598346
-3.3773217,-8.172121,-8.066161,-10.865229,-7.947079,-6.9568396
-3.3675463,-8.045197,-8.072645,-10.863697,-7.9546933,-6.9533114
-3.3577712,-8.01396,-8.078539,-10.86164,-7.9617767,-6.9492598
-3.347996,-9.268057,-8.08384,-10.859058,-7.9683213,-6.9447007
-3.3382208,-8.79384,-8.088543,-10.855949,-7.974327,-6.9396467
-3.3284457,-8.444544,-8.092646,-10.852312,-7.9797883,-6.9341135
-3.3186705,-8.898465,-8.09614,-10.848143,-7.9847,-6.928108
-3.3088953,-8.684207,-8.099027,-10.843443,-7.989059,-6.921646
-3.2991202,-8.652194,-8.101299,-10.838209,-7.9928617,-6.9147377
-3.289345,-8.437987,-8.102956,-10.832442,-7.996104,-6.9073954
-3.2795699,-8.969277,-8.103994,-10.82614,-7.998783,-6.8996253
-3.2697947,-7.55186,-8.10441,-10.8193035,-8.000896,-6.8914375
-3.2600195,-7.5612254,-8.1042,-10.811931,-8.0024395,-6.8828425
-3.2502444,-8.092112,-8.103363,-10.804022,-8.003408,-6.873847
-3.2404692,-7.046397,-8.101896,-10.795574,-8.003803,-6.8644557
-3.230694,-7.340755,-8.099798,-10.786593,-8.003619,-6.854677
-3.220919,-7.02283,-8.097067,-10.777075,-8.002853,-6.8445177
-3.2111437,-9.864542,-8.093698,-10.767019,-8.001503,-6.8339825
-3.2013686,-9.126058,-8.089694,-10.756431,-7.999569,-6.8230734
-3.1915934,-8.070064,-8.0850525,-10.745306,-7.9970455,-6.811796
-3.1818182,-9.936614,-8.07977,-10.733648,-7.993932,-6.800154
-3.172043,-6.490606,-8.073849,-10.721457,-7.9902263,-6.78815
-3.162268,-8.90391,-8.0672865,-10.708734,-7.9859276,-6.775785
-3.1524928,-7.3514566,-8.060082,-10.695478,-7.9810333,-6.763063
-3.1427176,-8.34854,-8.0522375,-10.681695,-7.975542,-6.749981
-3.1329424,-8.048307,-8.043751,-10.667385,-7.9694533,-6.736544
-3.123167,-7.532333,-8.034624,-10.652548,-7.9627647,-6.72275
-3.1133919,-8.9615345,-8.024857,-10.637188,-7.9554763,-6.7086
-3.1036167,-8.677986,-8.014446,-10.621305,-7.9475865,-6.6940947
-3.0938416,-9.282006,-8.003398,-10.604904,-7.9390955,-6.6792297
-3.0840664,-7.3583984,-7.9917107,-10.587984,-7.930003,-6.6640077
-3.0742912,-7.0687423,-7.9793854,-10.57055,-7.9203086,-6.648424
-3.064516,-8.676559,-7.966424,-10.552604,-7.91001,-6.6324806
-3.054741,-9.014482,-7.952828,-10.534146,-7.89911,-6.616171
-3.0449657,-6.8044963,-7.9385986,-10.5151825,-7.8876057,-6.5994964
-3.0351906,-7.938474,-7.9237375,-10.495716,-7.8755007,-6.582455
-3.0254154,-6.609412,-7.908247,-10.475747,-7.862793,-6.5650387
-3.0156403,-8.463775,-7.89213,-10.455279,-7.8494825,-6.547249
-3.005865,-7.778179,-7.875388,-10.434319,-7.835573,-6.5290813
-2.99609,-8.125889,-7.8580236,-10.412867,-7.8210626,-6.5105324
-2.9863148,-7.7913885,-7.84004,-10.390926,-7.805953,-6.4916005
-2.9765396,-8.144845,-7.8214393,-10.3685,-7.790245,-6.4722786
-2.9667645,-6.581634,-7.802224,-10.345596,-7.773942,-6.4525642
-2.9569893,-8.053746,-7.782399,-10.322213,-7.7570415,-6.432454
-2.9472141,-6.9212093,-7.761967,-10.298358,-7.7395477,-6.4119425
-2.937439,-8.579371,-7.7409315,-10.2740345,-7.721463,-6.3910255
-2.9276638,-8.444557,-7.7192945,-10.249244,-7.7027864,-6.3696976
-2.9178886,-7.4751115,-7.6970615,-10.223993,-7.6835217,-6.3479548
-2.9081135,-7.4406657,-7.6742363,-10.198284,-7.66367,-6.325794
-2.8983383,-9.375628,-7.6508207,-10.172123,-7.643235,-6.3032074
-2.8885632,-7.9381285,-7.6268215,-10.145512,-7.622217,-6.2801914
-2.878788,-8.938737,-7.602241,-10.118457,-7.6006203,-6.2567396
-2.8690126,-6.9424505,-7.5770845,-10.090961,-7.5784454,-6.232849
-2.8592374,-8.257759,-7.551357,-10.06303,-7.5556974,-6.2085094
-2.8494623,-6.3878617,-7.5250616,-10.034666,-7.532377,-6.1837196
-2.839687,-7.4257355,-7.498204,-10.005875,-7.5084887,-6.1584754
-2.829912,-6.2732124,-7.4707894,-9.976663,-7.4840345,-6.1327662
-2.8201368,-7.713369,-7.44282,-9.947032,-7.4590178,-6.106591
-2.8103616,-9.309707,-7.414303,-9.916986,-7.433442,-6.0799417
-2.8005865,-7.768304,-7.385243,-9.886531,-7.4073105,-6.0528135
-2.7908113,-7.676138,-7.3556447,-9.855673,-7.3806267,-6.0252028
-2.7810361,-7.096979,-7.325514,-9.824413,-7.3533945,-5.9970994
-2.771261,-6.678465,-7.294854,-9.792757,-7.3256173,-5.968504
-2.7614858,-8.84057,-7.2636733,-9.760712,-7.2972975,-5.9394083
-2.7517107,-7.7318535,-7.2319746,-9.728279,-7.2684426,-5.9098077
-2.7419355,-8.869975,-7.1997643,-9.695464,-7.2390532,-5.879698
-2.7321603,-8.744385,-7.1670456,-9.6622715,-7.2091346,-5.8490753
-2.7223852,-6.7366667,-7.1338277,-9.628706,-7.1786914,-5.8179345
-2.71261,-6.756264,-7.100114,-9.594772,-7.147727,-5.7862725
-2.7028348,-8.015405,-7.0659094,-9.560474,-7.116246,-5.7540855
-2.6930597,-7.8658333,-7.0312223,-9.525816,-7.0842533,-5.721368
-2.6832845,-7.4380827,-6.996054,-9.490804,-7.051754,-5.688121
-2.6735094,-7.95415,-6.960414,-9.4554405,-7.01875,-5.654337
-2.6637342,-6.393781,-6.924306,-9.419731,-6.9852486,-5.6200194
-2.653959,-7.525371,-6.8877363,-9.38368,-6.951254,-5.5851607
-2.6441839,-8.257056,-6.8507104,-9.347292,-6.9167705,-5.5497646
-2.6344087,-6.569184,-6.8132334,-9.310571,-6.881803,-5.5138283
-2.6246336,-8.359921,-6.7753115,-9.2735195,-6.8463573,-5.4773498
-2.6148582,-6.5605874,-6.7369494,-9.236143,-6.8104362,-5.44033
-2.605083,-6.388677,-6.6981554,-9.198445,-6.774048,-5.4027686
-2.5953078,-4.7406807,-6.658933,-9.160433,-6.7371955,-5.3646703
-2.5855327,-6.2983994,-6.619289,-9.122107,-6.6998854,-5.3260307
-2.5757575,-6.9790287,-6.5792274,-9.083473,-6.6621213,-5.2868567
-2.5659823,-6.8459306,-6.5387554,-9.044535,-6.6239104,-5.2471476
-2.5562072,-8.910222,-6.4978776,-9.005297,-6.5852566,-5.206907
-2.546432,-6.218772,-6.4566007,-8.965761,-6.546165,-5.166137
-2.5366569,-6.4365797,-6.4149294,-8.925934,-6.5066423,-5.124841
-2.5268817,-5.5155296,-6.37287,-8.8858185,-6.466694,-5.083027
-2.5171065,-8.1825905,-6.330426,-8.845416,-6.426325,-5.040695
-2.5073314,-4.822589,-6.2876062,-8.804733,-6.385541,-4.9978523
-2.4975562,-7.072925,-6.244413,-8.763771,-6.344346,-4.954503
-2.487781,-5.3958244,-6.2008533,-8.722536,-6.302749,-4.910654
-2.478006,-6.7261257,-6.1569324,-8.681028,-6.2607536,-4.8663106
-2.4682307,-5.8142934,-6.1126547,-8.639255,-6.218365,-4.8214784
-2.4584556,-4.505715,-6.0680256,-8.597216,-6.1755905,-4.7761655
-2.4486804,-6.075143,-6.023052,-8.554916,-6.132435,-4.7303777
-2.4389052,-6.413756,-5.977738,-8.51236,-6.0889044,-4.684122
-2.42913,-7.519617,-5.9320884,-8.469547,-6.045004,-4.6374083
-2.419355,-5.1442666,-5.8861084,-8.426485,-6.00074,-4.5902405
-2.4095798,-5.6244802,-5.8398027,-8.383174,-5.9561186,-4.5426283
-2.3998046,-6.5954113,-5.7931795,-8.339619,-5.9111457,-4.4945817
-2.3900294,-6.457469,-5.7462378,-8.295818,-5.8658257,-4.446106
-2.3802543,-6.1157255,-5.698988,-8.251781,-5.820166,-4.397209
-2.3704789,-5.891164,-5.651432,-8.207503,-5.774171,-4.347903
-2.3607037,-6.132949,-5.603576,-8.162994,-5.727848,-4.298192
-2.3509285,-7.4444623,-5.5554223,-8.118255,-5.681203,-4.248088
-2.3411534,-7.014323,-5.506979,-8.073284,-5.6342406,-4.1975975
-2.3313782,-7.4584236,-5.45825,-8.028088,-5.586968,-4.1467304
-2.321603,-4.7966113,-5.409238,-7.9826694,-5.5393896,-4.095494
-2.311828,-5.156722,-5.3599486,-7.9370294,-5.491513,-4.0438976
-2.3020527,-4.613742,-5.310387,-7.8911676,-5.443343,-3.9919474
-2.2922776,-7.359665,-5.260557,-7.8450913,-5.394886,-3.9396555
-2.2825024,-5.50985,-5.2104626,-7.7988005,-5.3461466,-3.8870275
-2.2727273,-4.3689947,-5.1601076,-7.7522984,-5.2971315,-3.834072
-2.262952,-5.8214803,-5.109499,-7.7055845,-5.2478466,-3.780799
-2.253177,-3.9983466,-5.0586376,-7.658663,-5.198299,-3.7272127
-2.2434018,-5.939111,-5.00753,-7.611535,-5.148493,-3.673325
-2.2336266,-5.3754215,-4.9561806,-7.564203,-5.0984325,-3.619142
-2.2238514,-6.0116897,-4.9045916,-7.5166683,-5.048127,-3.5646703
-2.2140763,-7.207096,-4.8527684,-7.468935,-4.997581,-3.5099177
-2.204301,-3.6567674,-4.800715,-7.4210014,-4.9467993,-3.454892
-2.194526,-6.548914,-4.748435,-7.3728704,-4.8957872,-3.3996024
-2.1847508,-5.0141935,-4.6959324,-7.324546,-4.844553,-3.3440518
-2.1749756,-5.277758,-4.643211,-7.276026,-4.7931004,-3.2882493
-2.1652005,-5.2041206,-4.590275,-7.227316,-4.7414346,-3.2321997
-2.1554253,-4.006758,-4.537129,-7.1784134,-4.689563,-3.1759107
-2.1456501,-5.1439934,-4.483774,-7.1293225,-4.6374893,-3.1193895
-2.135875,-4.4872165,-4.4302177,-7.0800447,-4.5852203,-3.0626397
-2.1260998,-4.3171587,-4.3764615,-7.0305805,-4.532761,-3.00567
-2.1163244,-3.8577507,-4.3225093,-6.9809284,-4.4801164,-2.948483
-2.1065493,-3.5579042,-4.268366,-6.9310966,-4.4272943,-2.8910854
-2.096774,-4.7689004,-4.2140346,-6.8810806,-4.374297,-2.8334846
-2.086999,-4.0393047,-4.1595182,-6.8308825,-4.321132,-2.7756827
-2.0772238,-3.9681327,-4.1048217,-6.780507,-4.2678046,-2.7176888
-2.0674486,-4.676714,-4.049948,-6.72995,-4.21432,-2.6595032
-2.0576735,-3.1088777,-3.9949014,-6.6792183,-4.160682,-2.6011333
-2.0478983,-1.8138621,-3.9396858,-6.6283073,-4.106899,-2.542584
-2.0381231,-3.772323,-3.8843021,-6.577222,-4.0529714,-2.483857
-2.028348,-4.002277,-3.8287573,-6.525961,-3.9989095,-2.4249606
-2.0185728,-4.525527,-3.773053,-6.4745264,-3.9447165,-2.3658948
-2.0087976,-4.5487266,-3.7171948,-6.4229183,-3.8903966,-2.306668
-1.9990225,-2.492669,-3.6611838,-6.3711376,-3.8359554,-2.2472806
-1.9892473,-2.2111073,-3.6050253,-6.319188,-3.7813983,-2.1877363
-1.9794722,-4.201202,-3.5487227,-6.267067,-3.7267294,-2.1280432
-1.969697,-2.4695365,-3.4922795,-6.214776,-3.6719553,-2.0682015
-1.9599218,-5.237567,-3.4356992,-6.1623154,-3.6170807,-2.008214
-1.9501467,-4.602952,-3.378986,-6.109688,-3.5621092,-1.9480858
-1.9403715,-4.2662635,-3.3221412,-6.0568914,-3.5070462,-1.8878193
-1.9305962,-3.2637458,-3.2651708,-6.0039277,-3.4518962,-1.8274188
-1.9208211,-3.5662177,-3.208079,-5.950799,-3.3966637,-1.7668881
-1.9110459,-3.1071334,-3.150867,-5.897505,-3.3413553,-1.7062285
-1.9012707,-4.0439754,-3.0935426,-5.8440447,-3.285975,-1.6454449
-1.8914956,-2.589251,-3.0361035,-5.79042,-3.2305255,-1.5845394
-1.8817204,-3.716604,-2.9785583,-5.7366323,-3.1750135,-1.5235152
-1.8719453,-4.223904,-2.920909,-5.682679,-3.1194432,-1.4623752
-1.8621701,-3.595274,-2.8631585,-5.628566,-3.0638185,-1.4011221
-1.8523949,-1.8615326,-2.8053114,-5.5742874,-3.008144,-1.3397589
-1.8426198,-2.4710817,-2.7473724,-5.519848,-2.9524243,-1.2782876
-1.8328446,-4.8818583,-2.6893435,-5.4652467,-2.896664,-1.2167137
-1.8230695,-1.9926776,-2.6312292,-5.4104843,-2.8408668,-1.1550379
-1.8132943,-3.1750324,-2.573034,-5.355561,-2.7850378,-1.0932636
-1.803519,-2.1832662,-2.514759,-5.300477,-2.72918,-1.0313926
-1.7937438,-3.1684372,-2.4564111,-5.2452335,-2.6732993,-0.96943235
-1.7839687,-0.5266948,-2.3979936,-5.18983,-2.6173995,-0.90737915
-1.7741935,-1.0337883,-2.3395095,-5.1342664,-2.5614834,-0.84524035
-1.7644184,-1.9489151,-2.2809615,-5.0785446,-2.505556,-0.7830167
-1.7546432,-1.9609447,-2.2223568,-5.0226655,-2.4496217,-0.72071505
-1.744868,-3.02874,-2.1636963,-4.966625,-2.393684,-0.65833306
-1.7350929,-1.695935,-2.1049855,-4.9104295,-2.3377469,-0.5958781
-1.7253177,-2.842691,-2.0462275,-4.8540745,-2.2818143,-0.5333502
-1.7155426,-1.9185936,-1.9874265,-4.7975626,-2.2258902,-0.4707539
-1.7057674,-1.9774387,-1.9285867,-4.7408934,-2.1699789,-0.40809512
-1.6959922,-4.1712427,-1.8697119,-4.6840677,-2.1140838,-0.34537363
-1.6862171,-2.2172065,-1.8108063,-4.6270847,-2.0582073,-0.2825942
-1.6764418,-1.4323062,-1.7518721,-4.5699444,-2.0023546,-0.21975851
-1.6666666,-1.9575971,-1.6929154,-4.5126486,-1.9465306,-0.15687466
-1.6568915,-1.2497435,-1.6339399,-4.4551992,-1.8907361,-0.09394121
-1.6471163,-0.52346945,-1.574949,-4.397593,-1.8349775,-0.030966997
-1.6373411,-4.0901766,-1.5159471,-4.3398314,-1.7792563,0.032048464
-1.627566,-1.3601499,-1.4569387,-4.2819138,-1.7235765,0.095095396
-1.6177908,-1.9572622,-1.397928,-4.2238426,-1.6679426,0.15817451
-1.6080157,-2.1743155,-1.3389182,-4.1656175,-1.6123576,0.22128105
-1.5982405,-2.3326554,-1.2799128,-4.107238,-1.5568234,0.28440785
-1.5884653,-2.9395628,-1.2209184,-4.048705,-1.501345,0.34755063
-1.5786902,-1.2833834,-1.1619375,-3.9900174,-1.4459251,0.41070724
-1.568915,-0.11719394,-1.1029747,-3.9311779,-1.3905685,0.4738698
-1.5591397,-3.5640063,-1.044033,-3.872184,-1.3352752,0.53703666
-1.5493646,-1.6099898,-0.98511875,-3.8130393,-1.2800518,0.60019684
-1.5395894,-0.9404489,-0.92623496,-3.7537417,-1.2249,0.66334915
-1.5298142,-1.1611489,-0.86738646,-3.6942933,-1.1698244,0.7264862
-1.5200391,-2.4875765,-0.80857635,-3.6346936,-1.1148252,0.78960323
-1.5102639,-2.7568703,-0.74981046,-3.5749419,-1.0599086,0.85269356
-1.5004888,-0.9739074,-0.6910927,-3.5150418,-1.0050762,0.9157505
-1.4907136,0.30719948,-0.63242745,-3.4549904,-0.95033133,0.9787688
-1.4809384,0.36263275,-0.57381856,-3.3947906,-0.89567745,1.0417416
-1.4711633,-1.0835139,-0.5152705,-3.3344412,-0.8411168,1.1046605
-1.4613881,-0.44445804,-0.45678854,-3.2739434,-0.7866515,1.1675217
-1.451613,-0.83023155,-0.3983767,-3.2132988,-0.7322865,1.2303138
-1.4418378,0.39044297,-0.34004068,-3.1525083,-0.6780244,1.2930355
-1.4320625,1.2515516,-0.2817812,-3.0915701,-0.6238658,1.3556738
-1.4222873,-0.46413928,-0.2236067,-3.030486,-0.56981695,1.4182248
-1.4125122,0.23029685,-0.16552162,-2.9692597,-0.51588017,1.4806778
-1.402737,-0.26988485,-0.10752964,-2.9078882,-0.46205574,1.5430272
-1.3929619,0.23843902,-0.04963553,-2.8463745,-0.4083488,1.6052649
-1.3831867,-0.09154004,0.008155465,-2.7847197,-0.3547607,1.667381
-1.3734115,-2.139988,0.06583905,-2.7229238,-0.30129576,1.7293692
-1.3636364,-0.83777237,0.12341118,-2.6609888,-0.24795562,1.7912211
-1.3538612,-0.06441289,0.18086529,-2.5989168,-0.1947434,1.8529253
-1.344086,1.1948603,0.23819673,-2.536707,-0.14166152,1.9144754
-1.3343109,1.8856773,0.29540133,-2.4743624,-0.08871281,1.9758642
-1.3245357,-0.44866356,0.35247338,-2.4118848,-0.035899878,2.037079
-1.3147606,0.75754476,0.40940833,-2.3492744,0.016775072,2.0981154
-1.3049853,-1.0746607,0.46620178,-2.2865334,0.0693087,2.15896
-1.2952101,0.33658317,0.5228461,-2.2236655,0.12169719,2.2196074
-1.285435,0.5539239,0.5793377,-2.1606703,0.1739403,2.280045
-1.2756598,-0.7050267,0.6356709,-2.0975523,0.2260338,2.3402674
-1.2658846,-0.67917997,0.6918411,-2.034313,0.27797616,2.4002643
-1.2561095,0.26763812,0.7478421,-1.970954,0.32976347,2.460024
-1.2463343,0.5504707,0.8036691,-1.9074792,0.3813951,2.5195422
-1.2365592,1.0280038,0.8593161,-1.8438908,0.43286622,2.5788035
-1.226784,-0.0005836487,0.91477764,-1.7801929,0.4841764,2.637806
-1.2170088,0.38285387,0.9700488,-1.7163879,0.5353217,2.6965346
-1.2072337,2.5208178,1.0251236,-1.6524789,0.58630013,2.7549825
-1.1974585,0.26226252,1.0799954,-1.58847,0.6371087,2.8131413
-1.1876833,2.264485,1.13466,-1.5243673,0.6877458,2.8710034
-1.1779081,2.347403,1.1891122,-1.4601712,0.7382086,2.928558
-1.1681329,0.9153758,1.2433447,-1.39589,0.78849334,2.9857962
-1.1583577,0.63225967,1.2973505,-1.3315271,0.8385999,3.0427115
-1.1485826,1.7070525,1.3511275,-1.2670865,0.8885237,3.0992925
-1.1388074,2.2772253,1.4046669,-1.2025763,0.93826354,3.1555343
-1.1290323,1.4010398,1.4579648,-1.1379989,0.9878168,3.211428
-1.1192571,1.1151012,1.5110145,-1.0733624,1.03718,3.266963
-1.1094819,1.0841672,1.5638092,-1.0086741,1.0863521,3.322135
-1.0997068,0.817821,1.6163448,-0.94393873,1.1353282,3.3769352
-1.0899316,1.613527,1.6686151,-0.8791661,1.184109,3.4313543
-1.0801564,0.57119095,1.7206129,-0.81436133,1.2326897,3.4853885
-1.0703813,2.3156476,1.7723342,-0.74953437,1.2810707,3.5390291
-1.0606061,1.2333273,1.8237717,-0.6846931,1.3292459,3.5922697
-1.0508308,-1.0050132,1.8749216,-0.61984503,1.3772157,3.6451054
-1.0410557,1.9202907,1.9257752,-0.5550029,1.4249761,3.697526
-1.0312805,0.99079114,1.9763291,-0.49017417,1.4725249,3.749528
-1.0215054,3.8635948,2.0265772,-0.42537072,1.5198598,3.8011074
-1.0117302,1.4929316,2.0765126,-0.36060154,1.5669789,3.852256
-1.001955,3.1581235,2.126131,-0.29588002,1.613879,3.9029703
-0.9921799,1.5352278,2.1754274,-0.23121679,1.6605576,3.953246
-0.9824047,1.5329869,2.2243948,-0.16662636,1.7070132,4.003075
-0.97262955,1.4655298,2.2730289,-0.102119416,1.7532424,4.0524583
-0.9628543,1.6845443,2.321326,-0.03771037,1.7992442,4.1013865
-0.95307916,-0.34132814,2.3692784,0.026587307,1.8450136,4.1498604
-0.943304,3.6145859,2.4168808,0.09075585,1.8905516,4.1978745
-0.93352884,1.9835304,2.4641304,0.15478173,1.9358523,4.245425
-0.9237537,2.2490592,2.5110214,0.21865138,1.9809152,4.2925115
-0.9139785,3.1214094,2.557549,0.28234556,2.0257382,4.339129
-0.90420336,2.2598565,2.6037087,0.34584826,2.0703175,4.385278
-0.89442813,2.5451722,2.6494977,0.40914065,2.1146522,4.4309545
-0.884653,2.5336924,2.69491,0.4722061,2.1587386,4.476157
-0.8748778,-0.33082676,2.739942,0.53502494,2.202575,4.5208855
-0.86510265,3.861333,2.7845902,0.59757864,2.2461584,4.5651383
-0.8553275,2.4953215,2.8288493,0.6598466,2.289486,4.6089153
-0.8455523,3.5323756,2.8727193,0.72180974,2.332558,4.652217
-0.8357771,1.8242263,2.9161937,0.7834477,2.3753688,4.6950407
-0.82600194,2.474916,2.9592705,0.8447385,2.4179175,4.737388
-0.8162268,4.6542416,3.0019464,0.90566015,2.4602003,4.7792616
-0.8064516,2.0234623,3.0442183,0.96619046,2.5022173,4.8206587
-0.79667646,2.0894659,3.0860858,1.0263093,2.543964,4.861582
-0.7869013,3.4268618,3.1275446,1.0859922,2.5854394,4.902032
-0.7771261,3.2526999,3.168595,1.1452177,2.6266403,4.9420156
-0.7673509,1.8962806,3.2092323,1.2039614,2.667563,4.9815273
-0.75757575,3.4095159,3.2494557,1.262201,2.7082086,5.020573
-0.7478006,2.8724818,3.2892656,1.3199136,2.7485712,5.0591555
-0.7380254,3.9160318,3.3286593,1.3770752,2.78865,5.097276
-0.72825027,2.551355,3.3676355,1.4336615,2.828443,5.134939
-0.7184751,4.1040325,3.4061952,1.4896514,2.867947,5.1721473
-0.7086999,2.0666158,3.4443371,1.5450199,2.90716,5.208905
-0.6989247,2.4006443,3.4820604,1.5997438,2.9460788,5.2452126
-0.68914956,1.8092926,3.519367,1.6538013,2.984702,5.2810783
-0.6793744,3.9656212,3.5562546,1.7071706,3.023028,5.316502
-0.66959924,3.1637998,3.5927253,1.7598283,3.0610514,5.351491
-0.6598241,3.2778318,3.6287804,1.8117523,3.098774,5.3860474
-0.65004885,3.0199964,3.6644194,1.8629249,3.136191,5.4201794
-0.6402737,3.0831091,3.6996458,1.9133219,3.1732998,5.453889
-0.6304985,4.1486645,3.7344577,1.9629235,3.2100997,5.487182
-0.62072337,3.2977252,3.768859,2.0117133,3.2465858,5.520064
-0.6109482,3.358531,3.8028495,2.0596724,3.2827592,5.5525393
-0.60117304,4.0373955,3.8364341,2.1067824,3.3186145,5.584613
-0.5913979,2.7691011,3.8696132,2.153028,3.3541512,5.6162925
-0.58162266,3.7179418,3.9023886,2.1983929,3.3893676,5.647584
-0.5718475,3.065129,3.9347632,2.2428637,3.424259,5.6784897
-0.56207234,2.9718087,3.9667387,2.2864275,3.458825,5.7090197
-0.5522972,6.339247,3.9983208,2.3290718,3.4930634,5.7391768
-0.542522,4.6268764,4.0295086,2.3707857,3.5269718,5.7689686
-0.53274685,3.7523918,4.060307,2.411561,3.560547,5.7984014
-0.52297163,3.5579276,4.0907207,2.4513896,3.5937881,5.8274827
-0.51319647,4.729703,4.120749,2.4902644,3.6266937,5.856217
-0.5034213,4.247867,4.150398,2.528181,3.6592584,5.884611
-0.49364614,4.383131,4.1796694,2.565135,3.691483,5.912672
-0.48387098,5.336159,4.2085686,2.6011252,3.7233639,5.940406
-0.4740958,2.819723,4.237097,2.6361504,3.7549,5.9678173
-0.46432063,3.0839672,4.265258,2.6702116,3.7860894,5.994917
-0.45454547,4.9416957,4.293055,2.703311,3.816928,6.021708
-0.44477028,4.737545,4.320493,2.7354531,3.8474157,6.0481997
-0.4349951,5.7169986,4.347574,2.766642,3.8775504,6.074397
-0.42521995,4.519139,4.3743014,2.7968855,3.9073286,6.100306
-0.41544476,3.254921,4.4006796,2.826192,3.9367492,6.1259327
-0.4056696,4.213944,4.4267106,2.8545702,3.9658105,6.1512847
-0.39589444,4.7709866,4.452398,2.8820317,3.9945102,6.1763673
-0.38611925,3.975257,4.4777436,2.9085884,4.022846,6.2011895
-0.37634408,6.199747,4.5027533,2.9342542,4.050817,6.2257543
-0.36656892,3.186788,4.527427,2.959045,4.078421,6.250067
-0.35679376,4.9963965,4.55177,2.9829738,4.1056547,6.2741375
-0.34701857,3.612129,4.575783,3.0060606,4.132518,6.297971
-0.3372434,4.0649276,4.59947,3.028322,4.159007,6.3215694
-0.32746825,4.081793,4.6228323,3.049777,4.1851225,6.344942
-0.31769305,3.742333,4.645872,3.0704455,4.210861,6.368092
-0.3079179,4.93698,4.6685934,3.0903475,4.236221,6.391025
-0.29814273,4.246677,4.6909957,3.1095047,4.261201,6.413748
-0.28836754,3.8778987,4.7130833,3.1279376,4.285799,6.4362626
-0.27859238,3.493515,4.734855,3.1456695,4.310013,6.4585752
-0.26881722,4.677294,4.7563143,3.1627219,4.3338423,6.4806905
-0.25904202,3.2924852,4.777463,3.1791189,4.3572836,6.502612
-0.24926686,4.229594,4.7982993,3.1948824,4.3803368,6.5243435
-0.2394917,5.666898,4.8188257,3.2100348,4.402998,6.5458884
-0.22971652,5.5447545,4.839044,3.2246003,4.4252696,6.567251
-0.21994135,4.004455,4.8589535,3.2386022,4.447147,6.588433
-0.21016619,4.2504163,4.878556,3.2520628,4.4686284,6.609437
-0.20039101,5.005596,4.897849,3.2650027,4.4897146,6.630266
-0.19061583,5.64707,4.9168363,3.2774472,4.5104017,6.650923
-0.18084067,5.2487783,4.9355135,3.2894151,4.5306883,6.6714067
-0.1710655,3.0489626,4.953882,3.30093,4.550575,6.6917205
-0.16129033,4.9267144,4.9719434,3.3120115,4.570058,6.7118664
-0.15151516,5.569501,4.9896936,3.322679,4.589138,6.7318416
-0.14173998,5.503333,5.007134,3.3329523,4.607811,6.7516465
-0.13196482,3.913917,5.0242624,3.3428524,4.6260786,6.7712827
-0.12218964,5.3361197,5.0410776,3.3523922,4.6439376,6.7907486
-0.11241447,3.99839,5.057579,3.3615942,4.6613874,6.8100424
-0.1026393,5.8314395,5.073764,3.3704705,4.6784267,6.8291626
-0.092864126,5.2064285,5.089631,3.3790383,4.695053,6.8481054
-0.08308896,4.6039224,5.1051793,3.3873122,4.7112665,6.86687
-0.07331379,5.8432593,5.120406,3.3953052,4.7270656,6.8854523
-0.06353862,3.4360828,5.13531,3.403029,4.7424483,6.90385
-0.053763445,3.8844523,5.1498876,3.4104962,4.757415,6.922056
-0.043988273,4.966855,5.1641364,3.4177175,4.7719636,6.9400673
-0.034213103,5.0202494,5.178055,3.424702,4.7860928,6.9578776
-0.024437932,4.564297,5.1916404,3.431459,4.799802,6.9754825
-0.014662761,5.722768,5.204889,3.4379969,4.8130903,6.9928737
-0.00488759,6.375948,5.217799,3.4443226,4.8259563,7.0100465
0.00488759,4.4559,5.2303677,3.4504402,4.8383985,7.0269914
0.014662761,5.299292,5.242591,3.456357,4.8504176,7.0437
0.024437932,5.494467,5.2544656,3.4620762,4.862011,7.0601664
0.034213103,5.3297186,5.2659883,3.467603,4.873178,7.0763783
0.043988273,4.447961,5.277158,3.4729376,4.883919,7.0923285
0.053763445,4.4780703,5.2879686,3.478085,4.8942313,7.108007
0.06353862,3.744204,5.2984176,3.4830441,4.9041157,7.1233997
0.07331379,5.7183104,5.308502,3.487815,4.9135704,7.138501
0.08308896,3.877201,5.318218,3.4923997,4.922596,7.1532965
0.092864126,3.0263302,5.3275614,3.496797,4.9311895,7.167775
0.1026393,5.3032866,5.336529,3.5010035,4.9393525,7.181921
0.11241447,3.7046862,5.3451147,3.50502,4.9470825,7.1957264
0.12218964,4.126082,5.3533177,3.5088422,4.9543815,7.209174
0.13196482,3.4293492,5.3611345,3.5124683,4.9612455,7.2222524
0.14173998,6.3628263,5.3685584,3.5158935,4.967677,7.234947
0.15151516,4.5989504,5.3755875,3.519114,4.973674,7.2472434
0.16129033,4.689657,5.3822174,3.5221267,4.9792347,7.259127
0.1710655,3.316949,5.388443,3.5249276,4.9843616,7.270584
0.18084067,4.789394,5.3942604,3.5275092,4.9890532,7.2815986
0.19061583,4.8641667,5.3996687,3.5298676,4.9933076,7.292156
0.20039101,7.292371,5.4046593,3.531996,4.9971256,7.302239
0.21016619,4.466464,5.40923,3.5338905,5.000508,7.3118315
0.21994135,5.132937,5.413378,3.5355418,5.003453,7.320922
0.22971652,5.2969313,5.417097,3.5369456,5.0059605,7.32949
0.2394917,4.8773785,5.4203835,3.5380955,5.008031,7.3375244
0.24926686,5.275402,5.4232345,3.538983,5.0096636,7.345004
0.25904202,6.45675,5.425644,3.5396006,5.0108585,7.3519173
0.26881722,4.8008637,5.4276104,3.5399432,5.0116167,7.3582463
0.27859238,5.6341414,5.429126,3.5400004,5.011937,7.3639765
0.28836754,4.985456,5.4301896,3.539768,5.01182,7.3690915
0.29814273,6.244726,5.4307957,3.5392346,5.011264,7.3735805
0.3079179,5.369233,5.4309416,3.5383947,5.010272,7.3774223
0.31769305,7.3305264,5.430621,3.5372388,5.0088415,7.3806076
0.32746825,4.1856365,5.429832,3.5357594,5.0069747,7.3831177
0.3372434,3.8865433,5.4285707,3.533949,5.0046697,7.384943
0.34701857,4.3434854,5.426832,3.5317974,5.0019283,7.3860664
0.35679376,4.420865,5.424611,3.5292974,4.9987516,7.38648
0.36656892,4.5666738,5.4219055,3.5264406,4.995138,7.386166
0.37634408,6.2988496,5.418712,3.5232196,4.991089,7.3851156
0.38611925,6.3472843,5.4150267,3.5196226,4.986604,7.3833175
0.39589444,3.3848083,5.410845,3.5156448,4.9816856,7.380761
0.4056696,5.209677,5.406164,3.5112755,4.9763327,7.3774357
0.41544476,5.2932053,5.40098,3.506507,4.9705443,7.373331
0.42521995,5.5251827,5.3952904,3.5013301,4.9643245,7.3684406
0.4349951,5.634324,5.3890924,3.4957383,4.957671,7.362756
0.44477028,4.887589,5.3823814,3.4897213,4.950587,7.3562703
0.45454547,5.2134385,5.375155,3.4832714,4.9430714,7.348976
0.46432063,4.6775165,5.367409,3.476382,4.935125,7.34087
0.4740958,4.263324,5.359145,3.4690437,4.9267507,7.3319464
0.48387098,4.730292,5.350356,3.4612484,4.917947,7.322201
0.49364614,4.5101967,5.3410416,3.4529917,4.908715,7.311633
0.5034213,6.340598,5.3311996,3.4442616,4.899056,7.3002377
0.51319647,3.91004,5.3208284,3.4350538,4.8889728,7.2880163
0.52297163,4.6947465,5.309924,3.425362,4.8784637,7.274967
0.53274685,5.8071494,5.2984867,3.4151778,4.867532,7.261093
0.542522,4.878648,5.2865157,3.404497,4.8561773,7.246393
0.5522972,4.0469284,5.2740064,3.3933115,4.844402,7.230871
0.56207234,6.790536,5.2609615,3.381618,4.8322062,7.2145324
0.5718475,6.341002,5.2473793,3.3694098,4.8195915,7.1973786
0.58162266,5.9412947,5.233258,3.356682,4.8065596,7.1794167
0.5913979,4.357456,5.2185974,3.3434315,4.793112,7.16065
0.60117304,5.7646894,5.203399,3.3296542,4.77925,7.14109
0.6109482,5.607417,5.1876607,3.3153465,4.7649746,7.12074
0.62072337,4.2268214,5.1713862,3.300506,4.750287,7.0996118
0.6304985,3.91714,5.1545734,3.2851295,4.73519,7.077713
0.6402737,4.240823,5.137224,3.269215,4.7196846,7.055054
0.65004885,6.1907415,5.1193395,3.252763,4.703772,7.031647
0.6598241,6.603427,5.100922,3.2357705,4.6874537,7.0075016
0.66959924,4.085163,5.081972,3.2182393,4.670732,6.982631
0.6793744,5.78184,5.0624943,3.2001696,4.6536093,6.9570494
0.68914956,6.1221647,5.042487,3.1815615,4.6360855,6.9307685
0.6989247,5.370369,5.021958,3.162417,4.618165,6.9038024
0.7086999,4.9316187,5.000905,3.1427383,4.599847,6.8761663
0.7184751,4.56703,4.9793353,3.1225286,4.5811357,6.8478746
0.72825027,4.615355,4.9572506,3.1017902,4.5620303,6.818944
0.7380254,3.9967303,4.934655,3.0805292,4.542536,6.78939
0.7478006,4.6989,4.9115543,3.058748,4.5226536,6.7592287
0.75757575,5.33632,4.887951,3.0364523,4.5023847,6.7284756
0.7673509,5.709272,4.8638506,3.013648,4.4817314,6.6971498
0.7771261,3.5569615,4.839258,2.9903412,4.460696,6.6652656
0.7869013,4.56963,4.8141794,2.9665382,4.439282,6.632843
0.79667646,4.4536877,4.7886186,2.9422467,4.417489,6.599898
0.8064516,4.633131,4.762583,2.9174733,4.395322,6.566449
0.8162268,4.3519006,4.736078,2.8922272,4.3727818,6.5325127
0.82600194,5.5341125,4.709109,2.8665156,4.349871,6.4981074
0.8357771,3.962083,4.681685,2.8403473,4.326592,6.46325
0.8455523,5.2602654,4.6538105,2.8137321,4.3029466,6.4279585
0.8553275,3.9926343,4.6254935,2.786677,4.27894,6.392252
0.86510265,3.0129158,4.5967407,2.7591949,4.254571,6.356145
0.8748778,4.0984964,4.56756,2.7312932,4.229844,6.319656
0.884653,4.565091,4.537959,2.7029827,4.2047615,6.282803
0.89442813,4.840866,4.507946,2.6742735,4.179326,6.2456017
0.90420336,2.8893428,4.477527,2.6451764,4.1535397,6.2080684
0.9139785,3.76085,4.446712,2.6156993,4.127406,6.17022
0.9237537,3.7052188,4.415508,2.5858552,4.100927,6.132073
0.93352884,4.7787595,4.383924,2.5556512,4.0741057,6.093642
0.943304,2.9323177,4.351968,2.5250993,4.0469446,6.0549426
0.95307916,2.930376,4.3196483,2.49421,4.0194464,6.0159893
0.9628543,5.731443,4.286973,2.4629927,3.9916148,5.976797
0.97262955,5.566623,4.253951,2.431457,3.9634514,5.937379
0.9824047,2.844797,4.2205915,2.3996105,3.9349601,5.89775
0.9921799,4.539642,4.1869025,2.3674662,3.9061434,5.857923
1.001955,4.8883734,4.1528926,2.3350315,3.8770041,5.817909
1.0117302,4.804289,4.1185713,2.3023152,3.8475447,5.777722
1.0215054,3.4291701,4.083945,2.2693248,3.8177693,5.7373724
1.0312805,1.9144809,4.049023,2.2360706,3.7876809,5.6968746
1.0410557,2.6036425,4.0138154,2.2025585,3.7572803,5.6562357
1.0508308,2.102395,3.9783282,2.1687984,3.7265732,5.615466
1.0606061,3.392485,3.9425714,2.134795,3.6955621,5.574577
1.0703813,4.5877204,3.9065523,2.100557,3.6642487,5.533578
1.0801564,4.7029085,3.8702793,2.06609,3.6326377,5.492477
1.0899316,4.7182665,3.83376,2.0314014,3.6007326,5.4512825
1.0997068,2.7934713,3.7970018,1.9964962,3.568535,5.410001
1.1094819,3.7674026,3.7600143,1.9613794,3.5360482,5.3686423
1.1192571,4.263919,3.7228026,1.9260564,3.5032773,5.3272114
1.1290323,3.2958944,3.685375,1.8905326,3.470224,5.285717
1.1388074,3.6090496,3.6477392,1.854814,3.4368918,5.2441626
1.1485826,2.9798439,3.6099002,1.8189013,3.403284,5.2025533
1.1583577,4.0701165,3.571866,1.7828013,3.3694043,5.160896
1.1681329,2.603971,3.533646,1.7465168,3.3352556,5.1191955
1.1779081,3.331458,3.495241,1.7100505,3.300842,5.077454
1.1876833,2.522304,3.4566598,1.6734073,3.266166,5.0356765
1.1974585,3.1116672,3.41791,1.6365888,3.2312317,4.9938684
1.2072337,2.8087864,3.378995,1.5995991,3.1960425,4.9520297
1.2170088,4.9447193,3.3399217,1.5624406,3.1606011,4.910166
1.226784,3.0362453,3.3006945,1.5251148,3.1249127,4.8682756
1.2365592,4.453864,3.2613194,1.4876246,3.0889797,4.826366
1.2463343,2.8928723,3.2218008,1.4499733,3.0528054,4.7844357
1.2561095,3.5812805,3.182143,1.4121635,3.0163944,4.742487
1.2658846,2.7154775,3.1423507,1.3741953,2.9797492,4.700521
1.2756598,3.2599413,3.102429,1.3360729,2.9428737,4.6585407
1.285435,2.5793912,3.062382,1.2977974,2.9057727,4.6165447
1.2952101,2.5830564,3.022212,1.2593719,2.8684483,4.574534
1.3049853,1.9228559,2.9819248,1.2207998,2.8309062,4.5325103
1.3147606,3.643188,2.9415212,1.1820798,2.7931476,4.490472
1.3245357,2.2918212,2.9010077,1.143219,2.755178,4.4484196
1.3343109,2.143386,2.8603854,1.1042168,2.7170017,4.4063563
1.344086,3.1401017,2.8196588,1.0650766,2.6786213,4.364278
1.3538612,0.68351114,2.778829,1.0258018,2.6400418,4.3221855
1.3636364,3.2605488,2.7379005,0.98639476,2.6012654,4.2800794
1.3734115,3.290379,2.696875,0.94686073,2.5622988,4.237958
1.3831867,1.4884337,2.6557555,0.90719897,2.5231433,4.1958227
1.3929619,2.026676,2.614544,0.8674156,2.4838047,4.153671
1.402737,1.2766507,2.5732431,0.827513,2.4442868,4.111502
1.4125122,2.9526885,2.531855,0.78749776,2.4045925,4.0693164
1.4222873,2.240265,2.4903812,0.7473701,2.364727,4.027113
1.4320625,2.7853441,2.4488237,0.70713615,2.3246942,3.9848902
1.4418378,1.6594254,2.407185,0.6667985,2.2844987,3.942648
1.451613,1.1272726,2.365467,0.6263639,2.2441454,3.9003863
1.4613881,2.3246174,2.3236718,0.58583486,2.2036366,3.8581033
1.4711633,2.649734,2.2818012,0.54521745,2.1629786,3.8157992
1.4809384,0.91356647,2.239856,0.50451624,2.1221747,3.7734723
1.4907136,0.9750486,2.197839,0.46373686,2.0812304,3.7311227
1.5004888,2.0758643,2.1557515,0.42288256,2.0401487,3.6887488
1.5102639,0.7403971,2.113595,0.38195944,1.9989359,3.6463523
1.5200391,1.102844,2.0713723,0.3409751,1.9575953,3.60393
1.5298142,0.45819068,2.0290837,0.29993385,1.9161322,3.5614834
1.5395894,2.237684,1.9867314,0.25884002,1.874551,3.519011
1.5493646,0.75350994,1.9443182,0.21769911,1.8328571,3.476513
1.5591397,1.142057,1.901845,0.17651881,1.7910552,3.4339895
1.568915,1.085212,1.8593127,0.13530388,1.7491484,3.39144
1.5786902,0.41477764,1.8167249,0.09406008,1.707144,3.3488646
1.5884653,1.476124,1.7740846,0.052793488,1.665046,3.306263
1.5982405,1.608334,1.7313895,0.011509687,1.62286,3.2636364
1.6080157,1.9808134,1.6886458,-0.029784396,1.5805901,3.2209845
1.6177908,0.07662153,1.6458545,-0.0710835,1.5382426,3.178307
1.627566,0.33298254,1.6030161,-0.1123824,1.4958222,3.1356056
1.6373411,1.8453816,1.560135,-0.15367562,1.4533343,3.0928807
1.6471163,2.427737,1.5172133,-0.19495694,1.4107842,3.0501332
1.6568915,1.9991401,1.4742527,-0.23622099,1.3681778,3.0073624
1.6666666,1.0187135,1.4312551,-0.27746195,1.3255203,2.964572
1.6764418,-0.1610936,1.3882246,-0.31867585,1.2828171,2.9217603
1.6862171,0.45566386,1.3451626,-0.3598563,1.2400732,2.8789306
1.6959922,1.4351635,1.3020728,-0.40099886,1.1972959,2.8360834
1.7057674,0.6732813,1.2589581,-0.4420992,1.1544907,2.7932205
1.7155426,0.40683174,1.2158214,-0.4831511,1.1116629,2.7503445
1.7253177,0.67406684,1.1726648,-0.52415156,1.0688181,2.7074547
1.7350929,0.9914626,1.1294924,-0.5650983,1.0259638,2.6645558
1.744868,0.3427199,1.0863073,-0.605983,0.98310435,2.6216483
1.7546432,0.40926605,1.0431132,-0.64680606,0.9402475,2.5787344
1.7644184,0.5484033,0.99991274,-0.68756187,0.89739805,2.5358179
1.7741935,1.7393746,0.9567101,-0.72824705,0.8545636,2.4928997
1.7839687,-0.23944736,0.9135086,-0.76886,0.81175,2.4499834
1.7937438,0.80573803,0.8703129,-0.80939794,0.7689637,2.407071
1.803519,1.4134561,0.8271259,-0.84985733,0.72621155,2.3641667
1.8132943,0.24026653,0.7839513,-0.89023805,0.6834993,2.3212724
1.8230695,1.5631235,0.7407956,-0.93053555,0.6408347,2.2783923
1.8328446,-0.04439521,0.6976605,-0.97075033,0.5982244,2.2355297
1.8426198,1.0967965,0.6545527,-1.0108802,0.55567515,2.1926882
1.8523949,-0.79809165,0.61147463,-1.0509243,0.5131937,2.149871
1.8621701,2.0270972,0.5684324,-1.0908802,0.47078738,2.1070828
1.8719453,-0.6623366,0.5254295,-1.1307495,0.42846316,2.0643284
1.8817204,-0.8190583,0.48247162,-1.1705297,0.38622826,2.02161
1.8914956,2.372483,0.4395646,-1.2102227,0.3440897,1.9789333
1.9012707,0.15752646,0.39671203,-1.2498257,0.30205518,1.9363036
1.9110459,0.13064238,0.35392016,-1.2893407,0.26013187,1.8937241
1.9208211,1.0457389,0.31119373,-1.3287668,0.21832691,1.8512017
1.9305962,-1.0490403,0.26853916,-1.3681033,0.1766487,1.8087403
1.9403715,0.18093377,0.22596085,-1.407352,0.13510343,1.7663448
1.9501467,0.083285816,0.1834664,-1.4465114,0.09370015,1.724022
1.9599218,-1.4305524,0.14106128,-1.4855816,0.052446507,1.6817772
1.969697,0.51746196,0.09875098,-1.5245631,0.011349596,1.6396165
1.9794722,-1.4994662,0.056542624,-1.5634544,-0.02958227,1.5975459
1.9892473,-1.3717468,0.014442133,-1.602257,-0.07034138,1.5555711
1.9990225,0.5090233,-0.0275435,-1.6409705,-0.11091972,1.5136993
2.0087976,-1.1588124,-0.06940745,-1.6795926,-0.15130948,1.4719373
2.0185728,0.06770493,-0.111144036,-1.718122,-0.19150223,1.4302913
2.028348,-0.71219236,-0.15274435,-1.756558,-0.23149002,1.3887693
2.0381231,-0.914243,-0.1942018,-1.794898,-0.27126476,1.3473773
2.0478983,0.31964105,-0.23550852,-1.8331404,-0.3108182,1.3061249
2.0576735,0.7796922,-0.27665737,-1.8712819,-0.35014176,1.2650175
2.0674486,-0.47434652,-0.31764096,-1.9093195,-0.38922802,1.2240648
2.0772238,-1.0283315,-0.35845044,-1.9472487,-0.42806807,1.1832736
2.086999,0.98759127,-0.3990774,-1.985064,-0.4666539,1.1426542
2.096774,0.37032735,-0.4395143,-2.022761,-0.50497675,1.1022124
2.1065493,-1.4156592,-0.47975212,-2.0603333,-0.54302835,1.0619593
2.1163244,-0.73317116,-0.5197816,-2.0977745,-0.5808009,1.0219024
2.1260998,-0.815703,-0.5595957,-2.1350763,-0.6182866,0.98205113
2.135875,-2.1313584,-0.5991824,-2.1722307,-0.65547466,0.9424163
2.1456501,0.20625722,-0.6385344,-2.209227,-0.69235885,0.9030065
2.1554253,1.8571291,-0.6776407,-2.2460554,-0.7289295,0.8638314
2.1652005,-1.9867065,-0.7164924,-2.2827053,-0.7651794,0.82490224
2.1749756,-0.8312197,-0.75507927,-2.3191636,-0.8010994,0.7862275
2.1847508,-0.54518175,-0.79339135,-2.3554173,-0.8366816,0.7478187
2.194526,-0.1660378,-0.83141834,-2.3914523,-0.8719178,0.70968664
2.204301,-1.0821953,-0.8691493,-2.427253,-0.90679955,0.6718423
2.2140763,-2.4624279,-0.9065735,-2.462803,-0.94131875,0.63429594
2.2238514,-0.674158,-0.9436803,-2.4980848,-0.97546744,0.5970597
2.2336266,-1.8449136,-0.98045766,-2.533081,-1.0092369,0.5601449
2.2434018,-1.678489,-1.0168952,-2.5677722,-1.04262,0.52356315
2.253177,-1.280968,-1.0529811,-2.6021376,-1.075608,0.48732632
2.262952,0.3509544,-1.0887042,-2.6361568,-1.1081934,0.4514464
2.2727273,-0.6848841,-1.1240513,-2.669806,-1.1403686,0.4159357
2.2825024,-0.010447741,-1.1590115,-2.7030644,-1.1721252,0.38080654
2.2922776,-1.2599835,-1.1935725,-2.735907,-1.2034563,0.34607145
2.3020527,-0.6594307,-1.2277215,-2.7683103,-1.234354,0.31174308
2.311828,-0.7342925,-1.2614467,-2.8002477,-1.264811,0.27783492
2.321603,-2.6542525,-1.2947346,-2.8316946,-1.2948201,0.24435864
2.3313782,-1.6945896,-1.3275734,-2.8626251,-1.3243736,0.21132882
2.3411534,-1.0462934,-1.35995,-2.8930106,-1.3534652,0.17875731
2.3509285,-2.222076,-1.3918518,-2.9228253,-1.3820875,0.14665815
2.3607037,-0.19249308,-1.4232653,-2.9520416,-1.4102342,0.11504379
2.3704789,-0.5954104,-1.4541781,-2.9806302,-1.4378982,0.08392888
2.3802543,-2.0108237,-1.4845781,-3.008566,-1.4650738,0.053325176
2.3900294,-0.20028412,-1.5144497,-3.035818,-1.4917536,0.023247331
2.3998046,-1.5744245,-1.5437825,-3.0623603,-1.5179319,-0.0062913895
2.4095798,-2.4445095,-1.5725622,-3.088165,-1.543603,-0.035278037
2.419355,-2.3555026,-1.6007764,-3.1132047,-1.568761,-0.06369904
2.42913,-3.7668636,-1.6284121,-3.1374533,-1.5934005,-0.0915411
2.4389052,-2.1488318,-1.6554575,-3.160884,-1.6175158,-0.11879143
2.4486804,-0.41216326,-1.6818988,-3.1834698,-1.6411018,-0.14543687
2.4584556,-1.4543637,-1.7077245,-3.2051888,-1.6641538,-0.1714643
2.4682307,-3.047072,-1.7329223,-3.2260153,-1.686667,-0.196861
2.478006,-1.4605503,-1.75748,-3.2459269,-1.7086365,-0.22161484
2.487781,-1.2283349,-1.7813867,-3.2649016,-1.7300584,-0.24571317
2.4975562,-1.0255163,-1.8046303,-3.2829201,-1.7509288,-0.26914456
2.5073314,-1.6319892,-1.8271997,-3.2999625,-1.7712433,-0.2918966
2.5171065,-3.0673432,-1.8490846,-3.316011,-1.7909987,-0.31395832
2.5268817,-1.6252238,-1.8702753,-3.3310502,-1.8101915,-0.33531874
2.5366569,-1.1551706,-1.8907601,-3.3450665,-1.8288188,-0.35596687
2.546432,-2.0921388,-1.9105308,-3.358046,-1.8468776,-0.37589258
2.5562072,-2.2844324,-1.9295783,-3.3699799,-1.8643653,-0.3950862
2.5659823,-1.8882761,-1.9478943,-3.380857,-1.8812796,-0.4135384
2.5757575,-2.138285,-1.9654708,-3.390673,-1.8976183,-0.43124038
2.5855327,-2.9349668,-1.9822998,-3.3994226,-1.91338,-0.44818375
2.5953078,-0.22022486,-1.9983759,-3.4071028,-1.9285628,-0.46436104
2.605083,-2.2968016,-2.0136914,-3.4137137,-1.9431654,-0.479765
2.6148582,-1.6182872,-2.0282426,-3.419257,-1.957187,-0.494389
2.6246336,-3.6546693,-2.042024,-3.423736,-1.9706271,-0.50822794
2.6344087,-2.6980639,-2.0550318,-3.427158,-1.9834849,-0.52127576
2.6441839,-1.8883234,-2.0672624,-3.4295313,-1.99576,-0.5335284
2.653959,-1.6815566,-2.078714,-3.4308655,-2.0074527,-0.5449824
2.6637342,-2.331914,-2.089384,-3.4311728,-2.0185635,-0.55563444
2.6735094,-0.87938863,-2.0992727,-3.43047,-2.0290928,-0.5654826
2.6832845,-2.7378464,-2.1083798,-3.4287724,-2.0390415,-0.5745256
2.6930597,-2.5768058,-2.116706,-3.4260988,-2.048411,-0.58276254
2.7028348,-3.3086681,-2.1242537,-3.4224706,-2.0572023,-0.59019375
2.71261,-3.5674262,-2.1310244,-3.4179077,-2.065417,-0.5968205
2.7223852,-2.472581,-2.1370234,-3.4124372,-2.0730574,-0.60264474
2.7321603,-0.52982616,-2.1422536,-3.4060833,-2.0801253,-0.6076685
2.7419355,-3.8535023,-2.1467211,-3.3988729,-2.0866232,-0.6118961
2.7517107,-2.9078457,-2.150432,-3.3908348,-2.0925534,-0.61533135
2.7614858,-2.0723948,-2.1533933,-3.3819985,-2.0979192,-0.61797976
2.771261,-1.8315531,-2.1556134,-3.3723946,-2.1027234,-0.6198473
2.7810361,-2.685739,-2.1571012,-3.3620553,-2.106969,-0.6209407
2.7908113,-2.3279939,-2.157866,-3.3510115,-2.1106598,-0.62126756
2.8005865,-3.6357827,-2.157919,-3.3392978,-2.1137996,-0.62083644
2.8103616,-3.4591444,-2.1572714,-3.3269467,-2.1163917,-0.61965597
2.8201368,-2.6051888,-2.1559353,-3.3139913,-2.1184402,-0.61773634
2.829912,-2.2158628,-2.1539237,-3.3004668,-2.1199493,-0.61508787
2.839687,-0.6886673,-2.1512508,-3.2864068,-2.1209235,-0.6117218
2.8494623,-3.527221,-2.1479309,-3.2718434,-2.1213672,-0.60764986
2.8592374,-2.171585,-2.1439786,-3.2568114,-2.121285,-0.60288453
2.8690126,-0.97350675,-2.1394103,-3.241344,-2.1206813,-0.5974385
2.878788,-2.9534369,-2.1342418,-3.2254713,-2.119561,-0.591325
2.8885632,-1.3107934,-2.1284902,-3.2092278,-2.117929,-0.5845583
2.8983383,-1.9012059,-2.1221735,-3.192642,-2.1157906,-0.57715225
2.9081135,-3.214098,-2.1153085,-3.175744,-2.1131504,-0.5691218
2.9178886,-3.5252967,-2.1079135,-3.1585634,-2.1100137,-0.5604812
2.9276638,-2.3030934,-2.1000078,-3.1411266,-2.1063855,-0.55124646
2.937439,-1.0805829,-2.0916095,-3.1234598,-2.102271,-0.541432
2.9472141,-1.4535029,-2.0827374,-3.1055892,-2.0976753,-0.5310536
2.9569893,-2.789085,-2.0734115,-3.087536,-2.0926037,-0.5201269
2.9667645,-2.222125,-2.0636501,-3.0693245,-2.087061,-0.5086671
2.9765396,-0.6713244,-2.053473,-3.0509734,-2.081053,-0.49669033
2.9863148,-0.029043794,-2.0428996,-3.032502,-2.074584,-0.48421133
2.99609,-1.2817069,-2.031948,-3.0139275,-2.0676591,-0.47124553
3.005865,-0.4785428,-2.0206387,-2.995267,-2.0602832,-0.45780835
3.0156403,-2.1559956,-2.0089886,-2.976533,-2.0524616,-0.44391432
3.0254154,-2.5816832,-1.9970181,-2.9577396,-2.044198,-0.4295782
3.0351906,-1.5671833,-1.9847441,-2.938897,-2.035498,-0.41481397
3.0449657,-2.6293323,-1.9721844,-2.9200149,-2.0263653,-0.39963573
3.054741,-1.8239969,-1.9593568,-2.9011009,-2.0168042,-0.38405663
3.064516,-1.3511491,-1.9462781,-2.8821626,-2.0068192,-0.36808985
3.0742912,-2.286854,-1.9329641,-2.863205,-1.9964141,-0.35174763
3.0840664,-2.6829522,-1.9194301,-2.844232,-1.9855924,-0.33504197
3.0938416,-1.0767367,-1.9056921,-2.8252466,-1.9743576,-0.31798422
3.1036167,-2.116788,-1.8917637,-2.8062499,-1.9627132,-0.30058488
3.1133919,-2.087263,-1.8776581,-2.7872422,-1.9506621,-0.28285438
3.123167,-1.2241871,-1.863389,-2.7682223,-1.938207,-0.26480186
3.1329424,-1.324971,-1.8489673,-2.7491903,-1.9253503,-0.2464363
3.1427176,-1.522549,-1.8344052,-2.730142,-1.912095,-0.22776619
3.1524928,-2.866631,-1.8197122,-2.7110753,-1.8984427,-0.20879878
3.162268,-2.1289911,-1.8048974,-2.691986,-1.8843949,-0.1895408
3.172043,-2.5950499,-1.7899702,-2.6728683,-1.8699534,-0.16999859
3.1818182,-1.6282301,-1.7749366,-2.653718,-1.8551191,-0.15017731
3.1915934,-2.8403213,-1.7598045,-2.634529,-1.8398929,-0.13008219
3.2013686,-1.852385,-1.7445788,-2.6152952,-1.8242755,-0.10971695
3.2111437,-1.962013,-1.7292641,-2.59601,-1.8082668,-0.08908536
3.220919,-3.2160947,-1.713864,-2.5766666,-1.7918668,-0.0681899
3.230694,-2.7784934,-1.6983813,-2.5572581,-1.7750752,-0.0470329
3.2404692,-0.052616596,-1.6828175,-2.5377774,-1.757891,-0.02561643
3.2502444,-0.2361244,-1.6671733,-2.5182176,-1.7403132,-0.003941022
3.2600195,-2.0467856,-1.6514485,-2.4985714,-1.7223407,0.01799275
3.2697947,-1.3357629,-1.6356424,-2.4788308,-1.7039714,0.04018466
3.2795699,-2.014523,-1.6197523,-2.4589896,-1.6852033,0.062635615
3.289345,-0.90949,-1.6037755,-2.4390416,-1.6660345,0.08534648
3.2991202,-1.0731523,-1.5877084,-2.4189782,-1.6464615,0.10831852
3.3088953,-1.5444696,-1.571546,-2.3987942,-1.6264822,0.13155377
3.3186705,-1.7270815,-1.5552826,-2.3784826,-1.6060927,0.15505475
3.3284457,-0.5565654,-1.5389123,-2.358037,-1.5852898,0.1788235
3.3382208,-1.4622432,-1.5224277,-2.3374524,-1.5640697,0.20286335
3.347996,0.26438212,-1.5058215,-2.3167229,-1.5424281,0.2271771
3.3577712,-0.15725362,-1.4890847,-2.295843,-1.5203605,0.25176853
3.3675463,-1.6128743,-1.4722086,-2.274809,-1.4978628,0.27664125
3.3773217,0.36513317,-1.4551828,-2.253615,-1.4749293,0.3017999
3.387097,-1.4717071,-1.437997,-2.2322574,-1.4515561,0.32724684
3.396872,-1.9051744,-1.4206411,-2.210733,-1.4277375,0.35298693
3.4066472,-0.626207,-1.4031032,-2.1890392,-1.4034679,0.3790245
3.4164224,0.9176588,-1.3853709,-2.167171,-1.378742,0.4053641
3.4261975,-1.2381442,-1.3674325,-2.1451278,-1.3535538,0.43200994
3.4359727,-1.5244305,-1.3492756,-2.122906,-1.3278977,0.45896623
3.4457479,0.7355168,-1.3308861,-2.1005044,-1.3017672,0.48623767
3.455523,-1.7861863,-1.3122511,-2.077922,-1.2751571,0.51382816
3.4652982,-1.8309526,-1.2933575,-2.055158,-1.248061,0.5417428
3.4750733,0.018309474,-1.2741908,-2.0322104,-1.2204723,0.5699852
3.4848485,-1.038383,-1.2547367,-2.009081,-1.1923853,0.59855986
3.4946237,-3.3060946,-1.2349815,-1.9857682,-1.1637939,0.62747073
3.5043988,1.2937572,-1.2149107,-1.9622736,-1.1346917,0.6567217
3.514174,-0.08403301,-1.1945096,-1.9385972,-1.1050729,0.68631697
3.5239491,-2.394133,-1.1737642,-1.9147415,-1.0749314,0.71626014
3.5337243,-1.130991,-1.1526595,-1.8907073,-1.0442615,0.74655485
3.5434995,-2.0588908,-1.1311812,-1.8664967,-1.0130572,0.77720374
3.5532746,-1.4198412,-1.1093154,-1.8421118,-0.9813132,0.808211
3.5630498,-1.2204311,-1.0870471,-1.8175554,-0.9490238,0.8395797
3.572825,0.4312712,-1.0643628,-1.7928312,-0.9161843,0.87131226
3.5826,-1.473352,-1.0412478,-1.7679412,-0.8827896,0.90341115
3.5923753,-0.7826512,-1.0176885,-1.7428906,-0.8488346,0.93588
3.6021504,-0.5216036,-0.99367136,-1.7176819,-0.81431544,0.9687197
3.6119256,-1.1840808,-0.96918356,-1.6923201,-0.7792277,1.0019336
3.6217008,-2.489542,-0.9442112,-1.6668097,-0.7435673,1.0355222
3.6314762,-1.4655523,-0.9187411,-1.6411551,-0.70733076,1.0694895
3.6412513,0.54939747,-0.8927621,-1.6153624,-0.6705165,1.1038344
3.6510265,-2.3628142,-0.86626184,-1.5894365,-0.63312095,1.1385591
3.6608016,-0.5541959,-0.83922803,-1.5633829,-0.59514135,1.1736648
3.6705768,0.76536226,-0.8116497,-1.5372083,-0.55657655,1.2091523
3.680352,-1.1770942,-0.783516,-1.5109181,-0.5174253,1.2450228
3.6901271,-0.47699043,-0.7548165,-1.4845203,-0.47768593,1.2812755
3.6999023,-0.5896659,-0.7255412,-1.4580206,-0.43735874,1.3179117
3.7096775,-0.88715136,-0.69568056,-1.4314258,-0.39644355,1.3549309
3.7194526,0.7534523,-0.66522527,-1.4047439,-0.35494098,1.3923331
3.7292278,0.87097585,-0.6341677,-1.3779826,-0.31285208,1.4301186
3.739003,-0.46662182,-0.6024994,-1.3511493,-0.2701788,1.4682851
3.748778,-2.1733274,-0.57021284,-1.3242525,-0.22692251,1.5068325
3.7585533,0.35777485,-0.5373018,-1.2973002,-0.18308681,1.5457611
3.7683284,-0.5594169,-0.50375986,-1.2703013,-0.13867441,1.585068
3.7781036,0.8238038,-0.46958166,-1.2432642,-0.09368935,1.6247519
3.7878788,-1.3743007,-0.4347614,-1.2161978,-0.048135817,1.6648129
3.797654,-1.4098287,-0.3992956,-1.1891124,-0.002019316,1.7052472
3.807429,0.4927765,-0.36318034,-1.162016,0.044655472,1.7460539
3.8172042,-1.3508492,-0.32641205,-1.1349182,0.09188238,1.7872305
3.8269794,-1.9086397,-0.28898892,-1.1078296,0.13965479,1.8287749
3.8367546,-0.6971068,-0.25090903,-1.08076,0.18796557,1.870684
3.8465297,-0.5567357,-0.21217085,-1.0537194,0.23680758,1.9129565
3.856305,-0.85447866,-0.17277442,-1.0267173,0.28617176,1.9555881
3.86608,-1.7834651,-0.13271967,-0.9997647,0.33605063,1.9985758
3.8758554,-0.36551887,-0.09200637,-0.97287285,0.3864355,2.0419185
3.8856306,-1.376164,-0.05063811,-0.94605076,0.4373152,2.0856092
3.8954058,0.45602357,-0.008616358,-0.9193115,0.48868018,2.1296468
3.905181,0.42213997,0.034056872,-0.89266455,0.54052055,2.1740265
3.914956,1.4022087,0.07737708,-0.8661205,0.5928252,2.2187448
3.9247313,0.06790432,0.121340655,-0.8396919,0.6455834,2.263798
3.9345064,1.7713299,0.16594271,-0.8133882,0.69878316,2.3091815
3.9442816,-1.5578623,0.21117799,-0.7872218,0.7524123,2.354891
3.9540567,-0.726509,0.2570402,-0.7612034,0.8064593,2.4009228
3.963832,0.73455113,0.30352256,-0.73534465,0.86091113,2.4472709
3.973607,0.026024103,0.35061806,-0.70965636,0.9157553,2.493931
3.9833822,0.67141414,0.39831892,-0.6841506,0.9709782,2.5408988
3.9931574,1.4303604,0.4466165,-0.65883756,1.0265671,2.588169
4.0029325,1.1441101,0.4955012,-0.6337298,1.0825086,2.635736
4.0127077,2.2612407,0.54496545,-0.6088375,1.1387887,2.6835957
4.022483,0.30725616,0.59499675,-0.58417237,1.1953939,2.7317412
4.032258,0.9043308,0.6455859,-0.5597455,1.2523111,2.780168
4.042033,0.8290303,0.6967214,-0.5355673,1.309525,2.8288698
4.0518084,1.4523578,0.748392,-0.5116487,1.3670226,2.8778417
4.0615835,1.1985204,0.80058575,-0.48800135,1.4247893,2.9270782
4.0713587,-0.57460296,0.8532895,-0.46463525,1.4828123,2.9765725
4.081134,1.5511031,0.9064913,-0.44156086,1.5410771,3.0263188
4.090909,-0.44742477,0.9601777,-0.41878852,1.5995693,3.076311
4.100684,3.5329826,1.014335,-0.3963282,1.6582756,3.126545
4.1104593,2.0624552,1.0689495,-0.3741899,1.7171831,3.1770124
4.1202345,-0.029039502,1.1240076,-0.35238338,1.7762773,3.227707
4.1300097,0.46556062,1.1794934,-0.33091795,1.8355459,3.278624
4.139785,-0.13413846,1.2353938,-0.3098023,1.8949752,3.3297565
4.14956,1.7422904,1.2916929,-0.28904608,1.9545522,3.3810978
4.159335,1.6620145,1.3483756,-0.26865715,2.0142648,3.4326425
4.1691103,0.71018356,1.4054277,-0.24864447,2.0741005,3.4843826
4.1788855,3.9515536,1.4628327,-0.22901516,2.1340475,3.536314
4.1886606,1.7182351,1.5205748,-0.20977737,2.1940937,3.5884285
4.198436,2.0401707,1.57864,-0.19093817,2.2542272,3.640721
4.208211,2.5803711,1.637011,-0.17250404,2.3144376,3.693184
4.217986,1.2487249,1.6956742,-0.15448219,2.3747149,3.745812
4.2277613,2.2556653,1.7546113,-0.13687786,2.435047,3.7985976
4.2375364,2.1231222,1.8138092,-0.11969741,2.4954243,3.8515368
4.2473116,0.70549977,1.8732506,-0.1029455,2.5558383,3.9046206
4.257087,1.1515143,1.9329231,-0.08662634,2.6162806,3.9578474
4.2668624,3.460081,1.9928071,-0.07074565,2.6767387,4.0112047
4.2766376,1.1662371,2.0528884,-0.055306748,2.737205,4.0646896
4.2864127,2.046271,2.1131516,-0.040313005,2.7976742,4.118296
4.296188,2.4289675,2.1735842,-0.025767416,2.8581355,4.1720176
4.305963,2.1081696,2.2341695,-0.011672303,2.9185832,4.225848
4.315738,2.149892,2.2948933,0.001970306,2.9790094,4.279783
4.3255134,2.578622,2.3557405,0.015159138,3.03941,4.333815
4.3352885,1.7838228,2.4166985,0.027892813,3.0997763,4.3879395
4.3450637,3.0785348,2.4777534,0.040171176,3.1601043,4.44215
4.354839,3.784096,2.5388908,0.051994048,3.2203875,4.496442
4.364614,5.384403,2.600098,0.06336188,3.2806215,4.550809
4.374389,2.7732177,2.6613626,0.07427557,3.3408027,4.605246
4.3841643,1.8372121,2.722671,0.08473727,3.4009256,4.6597495
4.3939395,3.226461,2.7840114,0.09474805,3.4609876,4.714312
4.4037147,3.2910025,2.8453727,0.1043109,3.520985,4.7689295
4.41349,2.5117877,2.9067426,0.11342871,3.5809135,4.823597
4.423265,2.8565404,2.96811,0.12210467,3.640772,4.878311
4.43304,3.0114987,3.0294647,0.13034284,3.7005577,4.933065
4.4428153,3.8364627,3.0907965,0.13814728,3.760269,4.9878554
4.4525905,3.9606652,3.1520941,0.14552292,3.8199024,5.042678
4.4623656,2.7469683,3.213349,0.15247482,3.879458,5.097529
4.472141,3.5613673,3.2745523,0.15900871,3.938933,5.152403
4.481916,4.6917715,3.3356948,0.16513047,3.9983287,5.2072964
4.491691,3.1543996,3.396768,0.17084646,4.0576425,5.262207
4.5014663,4.2994204,3.4577641,0.17616335,4.116875,5.3171287
4.5112414,3.033129,3.5186763,0.18108842,4.1760254,5.3720603
4.5210166,5.3101516,3.579496,0.18562874,4.2350936,5.4269958
4.5307918,5.0806665,3.6402175,0.18979245,4.2940807,5.4819336
4.540567,4.1568904,3.7008345,0.19358742,4.3529854,5.536871
4.550342,3.6009927,3.7613406,0.1970219,4.41181,5.5918036
4.5601172,2.4133022,3.8217306,0.2001045,4.470555,5.64673
4.5698924,3.4915252,3.8819988,0.20284417,4.5292196,5.701645
4.5796676,2.8908424,3.9421415,0.20524965,4.5878057,5.756549
4.5894427,2.9942887,4.0021524,0.20733045,4.6463146,5.8114376
4.599218,5.2148542,4.0620294,0.20909578,4.704748,5.866308
4.608993,3.8443773,4.121767,0.21055515,4.763106,5.921161
4.618768,3.5818367,4.181363,0.21171838,4.8213897,5.9759903
4.6285434,3.841982,4.240814,0.21259525,4.8796024,6.030798
4.6383185,4.6469865,4.3001175,0.21319565,4.937744,6.085579
4.6480937,3.0857613,4.3592706,0.21352938,4.995817,6.140332
4.657869,3.8069212,4.4182715,0.21360652,5.053823,6.195057
4.667644,5.3839283,4.4771185,0.21343705,5.1117625,6.249752
4.677419,6.1230016,4.53581,0.21303105,5.1696377,6.3044143
4.6871943,5.0423265,4.5943437,0.21239847,5.227452,6.3590436
4.6969695,4.3224554,4.65272,0.2115493,5.285205,6.413639
4.7067447,4.1607313,4.7109375,0.21049343,5.3428984,6.4681993
4.71652,4.7369337,4.768996,0.20924065,5.4005356,6.5227222
4.726295,5.2876706,4.8268943,0.20780084,5.4581165,6.5772085
4.73607,5.5582376,4.8846326,0.20618351,5.515645,6.631657
4.7458453,3.755057,4.942213,0.20439819,5.573122,6.6860657
4.755621,6.1575933,4.999636,0.20245427,5.630551,6.7404375
4.765396,4.6507363,5.0568986,0.20036106,5.6879277,6.7947674
4.7751713,4.6154537,5.1140018,0.1981275,5.7452574,6.8490553
4.7849464,5.609258,5.170949,0.19576253,5.8025417,6.903303
4.7947216,4.523994,5.2277393,0.1932748,5.859784,6.95751
4.804497,5.018413,5.284374,0.19067271,5.9169827,7.011675
4.814272,5.904224,5.3408566,0.18796463,5.9741406,7.0657983
4.824047,6.7429805,5.397186,0.18515861,6.0312586,7.1198783
4.8338223,4.607431,5.4533644,0.18226236,6.0883403,7.1739173
4.8435974,5.8538785,5.5093937,0.17928353,6.1453857,7.2279143
4.8533726,7.9594626,5.565276,0.17622933,6.2023954,7.281869
4.8631477,6.348528,5.621013,0.17310694,6.2593713,7.3357816
4.872923,4.610062,5.676605,0.16992304,6.316314,7.3896537
4.882698,6.4877977,5.732057,0.16668427,6.373225,7.4434824
4.892473,5.401244,5.7873683,0.16339692,6.430107,7.4972696
4.9022484,6.9550023,5.8425417,0.16006696,6.4869585,7.5510163
4.9120235,7.0085483,5.89758,0.15670013,6.543782,7.6047225
4.9217987,6.540737,5.952484,0.15330213,6.6005783,7.658387
4.931574,5.741784,6.0072584,0.14987789,6.657348,7.7120113
4.941349,6.8525414,6.0619035,0.14643253,6.714093,7.765596
4.951124,5.2593117,6.116422,0.14297074,6.770814,7.8191404
4.9608994,4.188483,6.170816,0.13949688,6.82751,7.872646
4.9706745,6.155561,6.225089,0.13601522,6.8841825,7.9261127
4.9804497,6.0249243,6.27924,0.13252962,6.940834,7.97954
4.990225,5.616667,6.3332763,0.1290437,6.997463,8.032931
5.0,8.650462,6.3871975,0.12556101,7.054071,8.086283
