x,y,mean,0.95,0.75,0.5,0.25,0.05
0.0,0.38050790187203004,0.5277813793828259,1.7444500532833307,0.7148641274808053,0.38558185766086905,0.20823821005286378,-0.05972725911333819
0.0019569471624266144,0.184416965157076,0.5296152332405029,1.747613271319198,0.718012825887148,0.3875574259050821,0.2089565663508518,-0.060755990111830756
0.003913894324853229,-0.019006861874135736,0.5314490870981798,1.7507764893550652,0.7211615242934908,0.38953299414929504,0.2096749226488398,-0.06178472111032332
0.005870841487279843,0.3923340920175045,0.5332829409558568,1.7539397073909326,0.7243102226998335,0.39150856239350806,0.21039327894682783,-0.06281345210881589
0.007827788649706457,0.7215790041843485,0.5351167948135339,1.7571029254267998,0.7274589211061763,0.39348413063772103,0.21111163524481585,-0.06384218310730845
0.009784735812133072,-0.40615023031150105,0.5369506486712109,1.7602661434626672,0.730607619512519,0.39545969888193405,0.21182999154280388,-0.06487091410580102
0.011741682974559686,1.3161506264811793,0.5387845025288879,1.7634293614985346,0.7337563179188618,0.397435267126147,0.21254834784079188,-0.06589964510429358
0.0136986301369863,-0.14229028197992355,0.5406183563865649,1.7665925795344017,0.7369050163252044,0.39941083537036004,0.2132667041387799,-0.06692837610278615
0.015655577299412915,1.0114028729974773,0.5424522102442418,1.7697557975702691,0.7400537147315472,0.401386403614573,0.21398506043676793,-0.06795710710127872
0.01761252446183953,0.277024320719981,0.5442860641019188,1.7729190156061363,0.7432024131378899,0.40336197185878603,0.21470341673475593,-0.06898583809977128
0.019569471624266144,0.5283637359756033,0.5461199179595958,1.7760822336420037,0.7463511115442326,0.405337540102999,0.21542177303274396,-0.07001456909826385
0.021526418786692758,0.17150898768611184,0.5479537718172729,1.779245451677871,0.7494998099505754,0.407313108347212,0.21614012933073198,-0.07104330009675641
0.023483365949119372,0.47443422753137643,0.5497876256749499,1.7824086697137382,0.7526485083569181,0.409288676591425,0.21685848562871998,-0.07207203109524898
0.025440313111545987,3.2279384754251734,0.5516214795326269,1.7855718877496056,0.7557972067632609,0.411264244835638,0.217576841926708,-0.07310076209374156
0.0273972602739726,0.39994751422990077,0.5534553333903038,1.7887351057854728,0.7589459051696036,0.41323981307985097,0.21829519822469604,-0.07412949309223411
0.029354207436399216,-0.22164271729697482,0.5552891872479808,1.7918983238213402,0.7620946035759464,0.415215381324064,0.21901355452268406,-0.07515822409072669
0.03131115459882583,1.4646986543925784,0.5571230411056578,1.7950615418572076,0.7652433019822891,0.41719094956827696,0.21973191082067206,-0.07618695508921924
0.033268101761252444,0.744801404276384,0.5589568949633348,1.7982247598930747,0.7683920003886318,0.41916651781249,0.2204502671186601,-0.07721568608771182
0.03522504892367906,0.5901623042116597,0.5607907488210119,1.8013879779289421,0.7715406987949746,0.42114208605670295,0.2211686234166481,-0.07824441708620439
0.03718199608610567,0.4496742682045595,0.5626246026786889,1.8045511959648093,0.7746893972013172,0.42311765430091597,0.2218869797146361,-0.07927314808469695
0.03913894324853229,0.2814672135013764,0.5644584565363658,1.8077144140006767,0.77783809560766,0.42509322254512893,0.22260533601262414,-0.0803018790831895
0.0410958904109589,0.9749191323012053,0.5662923103940428,1.810877632036544,0.7809867940140027,0.42706879078934196,0.22332369231061217,-0.08133061008168208
0.043052837573385516,0.43171674082994227,0.5681261642517198,1.8140408500724112,0.7841354924203455,0.4290443590335549,0.22404204860860016,-0.08235934108017465
0.04500978473581213,0.801029359486092,0.5699600181093968,1.8172040681082786,0.7872841908266882,0.43101992727776794,0.2247604049065882,-0.0833880720786672
0.046966731898238745,0.85817283099282,0.5717938719670738,1.8203672861441458,0.790432889233031,0.4329954955219809,0.22547876120457622,-0.08441680307715978
0.04892367906066536,0.25121610416049833,0.5736277258247509,1.8235305041800132,0.7935815876393737,0.43497106376619393,0.22619711750256424,-0.08544553407565234
0.050880626223091974,0.20691255946023404,0.5754615796824278,1.8266937222158806,0.7967302860457164,0.4369466320104069,0.22691547380055224,-0.08647426507414491
0.05283757338551859,0.30559993180956524,0.5772954335401048,1.8298569402517477,0.7998789844520592,0.4389222002546199,0.22763383009854027,-0.08750299607263748
0.0547945205479452,-0.012422116451332954,0.5791292873977818,1.833020158287615,0.8030276828584019,0.4408977684988329,0.2283521863965283,-0.08853172707113004
0.05675146771037182,0.8368107278631401,0.5809631412554588,1.8361833763234823,0.8061763812647447,0.4428733367430459,0.2290705426945163,-0.08956045806962261
0.05870841487279843,1.0090687911259684,0.5827969951131358,1.8393465943593497,0.8093250796710874,0.4448489049872589,0.22978889899250432,-0.09058918906811517
0.060665362035225046,0.05271048729286425,0.5846308489708127,1.842509812395217,0.8124737780774302,0.4468244732314719,0.23050725529049235,-0.09161792006660774
0.06262230919765166,-0.07400913402016585,0.5864647028284898,1.8456730304310842,0.8156224764837728,0.44880004147568486,0.23122561158848037,-0.09264665106510031
0.06457925636007827,-0.0725660093375583,0.5882985566861668,1.8488362484669516,0.8187711748901156,0.4507756097198979,0.23194396788646837,-0.09367538206359287
0.06653620352250489,0.014999434200668016,0.5901324105438438,1.8519994665028188,0.8219198732964583,0.45275117796411085,0.2326623241844564,-0.09470411306208543
0.0684931506849315,1.1098417286097475,0.5919662644015208,1.8551626845386862,0.825068571702801,0.4547267462083239,0.23338068048244442,-0.095732844060578
0.07045009784735812,0.06668981778782318,0.5938001182591978,1.8583259025745535,0.8282172701091438,0.45670231445253684,0.23409903678043242,-0.09676157505907057
0.07240704500978473,0.2554736384968838,0.5956339721168747,1.8614891206104207,0.8313659685154865,0.45867788269674986,0.23481739307842045,-0.09779030605756314
0.07436399217221135,0.5806436962162378,0.5974678259745517,1.864652338646288,0.8345146669218293,0.4606534509409629,0.23553574937640848,-0.0988190370560557
0.07632093933463796,0.4023746258346169,0.5993016798322288,1.8678155566821553,0.837663365328172,0.46262901918517585,0.23625410567439648,-0.09984776805454826
0.07827788649706457,0.39816417060536424,0.6011355336899058,1.8709787747180227,0.8408120637345148,0.4646045874293888,0.2369724619723845,-0.10087649905304083
0.08023483365949119,-0.029010313711444163,0.6029693875475828,1.87414199275389,0.8439607621408575,0.46658015567360184,0.23769081827037253,-0.1019052300515334
0.0821917808219178,0.09736578317488845,0.6048032414052598,1.8773052107897572,0.8471094605472003,0.46855572391781486,0.23840917456836053,-0.10293396105002596
0.08414872798434442,0.7812591310722727,0.6066370952629367,1.8804684288256246,0.850258158953543,0.4705312921620278,0.23912753086634855,-0.10396269204851853
0.08610567514677103,0.8992554554562977,0.6084709491206137,1.8836316468614918,0.8534068573598856,0.4725068604062408,0.23984588716433658,-0.10499142304701109
0.08806262230919765,0.10808029078267697,0.6103048029782907,1.8867948648973591,0.8565555557662284,0.4744824286504538,0.2405642434623246,-0.10602015404550366
0.09001956947162426,0.29726931253082145,0.6121386568359677,1.8899580829332265,0.8597042541725711,0.47645799689466684,0.2412825997603126,-0.10704888504399623
0.09197651663405088,1.1596319459649036,0.6139725106936448,1.8931213009690937,0.8628529525789139,0.4784335651388798,0.24200095605830063,-0.10807761604248879
0.09393346379647749,0.21628786007620646,0.6158063645513218,1.896284519004961,0.8660016509852566,0.48040913338309277,0.24271931235628866,-0.10910634704098135
0.0958904109589041,0.5120676047543715,0.6176402184089987,1.8994477370408283,0.8691503493915993,0.4823847016273058,0.24343766865427668,-0.11013507803947392
0.09784735812133072,0.32153235982001,0.6194740722666757,1.9026109550766956,0.8722990477979421,0.4843602698715188,0.24415602495226468,-0.1111638090379665
0.09980430528375733,0.3832157017194192,0.6213079261243527,1.905774173112563,0.8754477462042849,0.4863358381157318,0.2448743812502527,-0.11219254003645907
0.10176125244618395,0.7697435813723371,0.6231417799820297,1.9089373911484302,0.8785964446106276,0.48831140635994474,0.24559273754824074,-0.11322127103495162
0.10371819960861056,0.21643420335193037,0.6249756338397068,1.9121006091842976,0.8817451430169703,0.49028697460415777,0.24631109384622873,-0.11425000203344418
0.10567514677103718,0.7096661903448482,0.6268094876973838,1.9152638272201647,0.8848938414233131,0.4922625428483708,0.24702945014421676,-0.11527873303193675
0.10763209393346379,0.5138151993538603,0.6286433415550607,1.9184270452560321,0.8880425398296558,0.49423811109258375,0.2477478064422048,-0.11630746403042933
0.1095890410958904,0.7968322132971071,0.6304771954127377,1.9215902632918995,0.8911912382359986,0.4962136793367967,0.2484661627401928,-0.1173361950289219
0.11154598825831702,0.44988201615314793,0.6323110492704147,1.9247534813277667,0.8943399366423412,0.49818924758100974,0.2491845190381808,-0.11836492602741445
0.11350293542074363,0.41122267955548863,0.6341449031280917,1.927916699363634,0.8974886350486839,0.5001648158252228,0.24990287533616884,-0.11939365702590701
0.11545988258317025,1.6204722432673024,0.6359787569857687,1.9310799173995012,0.9006373334550267,0.5021403840694357,0.25062123163415684,-0.12042238802439958
0.11741682974559686,0.24142102248375857,0.6378126108434456,1.9342431354353686,0.9037860318613695,0.5041159523136487,0.2513395879321449,-0.12145111902289216
0.11937377690802348,1.1440880371682334,0.6396464647011227,1.937406353471236,0.9069347302677122,0.5060915205578618,0.2520579442301329,-0.12247985002138471
0.12133072407045009,0.5500450759717586,0.6414803185587997,1.9405695715071032,0.9100834286740549,0.5080670888020747,0.2527763005281209,-0.12350858101987729
0.1232876712328767,0.2852100310869394,0.6433141724164767,1.9437327895429706,0.9132321270803977,0.5100426570462877,0.25349465682610894,-0.12453731201836984
0.12524461839530332,1.1374128809514552,0.6451480262741537,1.9468960075788377,0.9163808254867404,0.5120182252905007,0.25421301312409694,-0.12556604301686242
0.12720156555772993,0.12615554305925814,0.6469818801318307,1.9500592256147051,0.9195295238930832,0.5139937935347136,0.25493136942208494,-0.126594774015355
0.12915851272015655,0.8299038093482838,0.6488157339895076,1.9532224436505725,0.9226782222994259,0.5159693617789267,0.255649725720073,-0.12762350501384756
0.13111545988258316,2.229166730702577,0.6506495878471847,1.9563856616864397,0.9258269207057686,0.5179449300231397,0.256368082018061,-0.1286522360123401
0.13307240704500978,1.136317285228183,0.6524834417048617,1.959548879722307,0.9289756191121114,0.5199204982673526,0.257086438316049,-0.12968096701083268
0.1350293542074364,-0.2580931410126407,0.6543172955625387,1.9627120977581742,0.9321243175184541,0.5218960665115657,0.25780479461403705,-0.13070969800932525
0.136986301369863,0.5238716347557787,0.6561511494202157,1.9658753157940416,0.9352730159247968,0.5238716347557787,0.25852315091202505,-0.1317384290078178
0.13894324853228962,0.06940336322317733,0.6579850032778927,1.969038533829909,0.9384217143311395,0.5258472029999917,0.25924150721001304,-0.1327671600063104
0.14090019569471623,0.6904654545986223,0.6598188571355696,1.9722017518657762,0.9415704127374823,0.5278227712442047,0.2599598635080011,-0.13379589100480294
0.14285714285714285,0.7389332732254912,0.6616527109932466,1.9753649699016436,0.944719111143825,0.5297983394884177,0.2606782198059891,-0.1348246220032955
0.14481409001956946,1.9473293668681992,0.6634865648509236,1.9785281879375107,0.9478678095501678,0.5317739077326307,0.26139657610397715,-0.13585335300178808
0.14677103718199608,-0.16856387297557673,0.6653204187086007,1.9816914059733781,0.9510165079565105,0.5337494759768436,0.26211493240196515,-0.13688208400028062
0.1487279843444227,0.876266928813082,0.6671542725662777,1.9848546240092455,0.9541652063628532,0.5357250442210566,0.26283328869995315,-0.13791081499877322
0.1506849315068493,0.4437015258241737,0.6689881264239547,1.9880178420451127,0.957313904769196,0.5377006124652697,0.2635516449979412,-0.13893954599726577
0.15264187866927592,3.777539192244526,0.6708219802816316,1.99118106008098,0.9604626031755387,0.5396761807094826,0.2642700012959292,-0.13996827699575834
0.15459882583170254,0.4521408337434011,0.6726558341393086,1.9943442781168472,0.9636113015818815,0.5416517489536956,0.2649883575939172,-0.1409970079942509
0.15655577299412915,0.21565596611908996,0.6744896879969856,1.9975074961527146,0.9667599999882242,0.5436273171979087,0.26570671389190526,-0.14202573899274346
0.15851272015655576,1.7347003254103077,0.6763235418546627,2.000670714188582,0.9699086983945668,0.5456028854421217,0.26642507018989325,-0.14305446999123606
0.16046966731898238,0.23071697227354204,0.6781573957123397,2.0038339322244494,0.9730573968009096,0.5475784536863346,0.26714342648788125,-0.1440832009897286
0.162426614481409,1.0911833759232175,0.6799912495700167,2.0069971502603163,0.9762060952072524,0.5495540219305476,0.2678617827858693,-0.14511193198822117
0.1643835616438356,1.1680855924666609,0.6818251034276936,2.0101603682961837,0.9793547936135951,0.5515295901747606,0.2685801390838573,-0.14614066298671374
0.16634050880626222,0.4230297951715595,0.6836589572853706,2.013323586332051,0.9825034920199378,0.5535051584189736,0.2692984953818453,-0.1471693939852063
0.16829745596868884,0.02476149851625914,0.6854928111430476,2.0164868043679185,0.9856521904262806,0.5554807266631866,0.27001685167983336,-0.1481981249836989
0.17025440313111545,1.0277594716068204,0.6873266650007246,2.019650022403786,0.9888008888326234,0.5574562949073996,0.27073520797782136,-0.14922685598219143
0.17221135029354206,0.45941154660131234,0.6891605188584016,2.022813240439653,0.9919495872389661,0.5594318631516126,0.27145356427580936,-0.150255586980684
0.17416829745596868,0.6460474627965709,0.6909943727160787,2.02597645847552,0.9950982856453088,0.5614074313958256,0.2721719205737974,-0.15128431797917657
0.1761252446183953,2.0291396765113876,0.6928282265737556,2.0291396765113876,0.9982469840516515,0.5633829996400386,0.2728902768717854,-0.15231304897766912
0.1780821917808219,1.3743337353465206,0.6946620804314326,2.032302894547255,1.0013956824579942,0.5653585678842515,0.27360863316977346,-0.15334177997616172
0.18003913894324852,0.2903146098855377,0.6964959342891096,2.0354661125831224,1.004544380864337,0.5673341361284645,0.27432698946776146,-0.15437051097465426
0.18199608610567514,0.8489732304033499,0.6983297881467866,2.0386293306189893,1.0076930792706797,0.5693097043726776,0.27504534576574946,-0.15539924197314683
0.18395303326810175,0.5446819686587121,0.7001636420044636,2.0417925486548567,1.0108417776770224,0.5712852726168905,0.27576370206373746,-0.1564279729716394
0.18590998043052837,0.6830803544333282,0.7019974958621407,2.044955766690724,1.0139904760833653,0.5732608408611035,0.2764820583617255,-0.15745670397013195
0.18786692759295498,0.23880797411796423,0.7038313497198176,2.0481189847265915,1.017139174489708,0.5752364091053166,0.2772004146597135,-0.15848543496862452
0.1898238747553816,0.4716002706902731,0.7056652035774946,2.051282202762459,1.0202878728960507,0.5772119773495296,0.27791877095770157,-0.1595141659671171
0.1917808219178082,0.021444528950523678,0.7074990574351716,2.054445420798326,1.0234365713023934,0.5791875455937425,0.27863712725568957,-0.16054289696560967
0.19373776908023482,2.525364022371904,0.7093329112928486,2.057608638834193,1.026585269708736,0.5811631138379555,0.27935548355367756,-0.16157162796410224
0.19569471624266144,0.14193099086802338,0.7111667651505256,2.0607718568700606,1.029733968115079,0.5831386820821685,0.2800738398516656,-0.16260035896259478
0.19765166340508805,0.7216538855336887,0.7130006190082026,2.063935074905928,1.0328826665214217,0.5851142503263815,0.2807921961496536,-0.16362908996108735
0.19960861056751467,0.414171623893242,0.7148344728658795,2.0670982929417954,1.0360313649277644,0.5870898185705945,0.2815105524476416,-0.16465782095957993
0.20156555772994128,0.44466830105528415,0.7166683267235565,2.0702615109776623,1.039180063334107,0.5890653868148075,0.28222890874562967,-0.16568655195807247
0.2035225048923679,0.28294726504361767,0.7185021805812336,2.0734247290135297,1.0423287617404497,0.5910409550590205,0.28294726504361767,-0.16671528295656507
0.2054794520547945,0.5934397680211814,0.7203360344389106,2.076587947049397,1.0454774601467927,0.5930165233032335,0.28366562134160567,-0.1677440139550576
0.20743639921722112,1.2039640020285256,0.7221698882965876,2.0797511650852645,1.0486261585531353,0.5949920915474465,0.2843839776395937,-0.16877274495355019
0.20939334637964774,0.08487924084083431,0.7240037421542646,2.082914383121132,1.051774856959478,0.5969676597916594,0.2851023339375817,-0.16980147595204276
0.21135029354207435,0.789123419395582,0.7258375960119415,2.086077601156999,1.0549235553658207,0.5989432280358724,0.2858206902355698,-0.1708302069505353
0.21330724070450097,0.713623639251524,0.7276714498696186,2.089240819192866,1.0580722537721634,0.6009187962800855,0.2865390465335578,-0.1718589379490279
0.21526418786692758,0.2961964830371532,0.7295053037272956,2.0924040372287336,1.0612209521785063,0.6028943645242985,0.28725740283154577,-0.17288766894752045
0.2172211350293542,0.5386445771177297,0.7313391575849726,2.095567255264601,1.064369650584849,0.6048699327685114,0.28797575912953377,-0.17391639994601302
0.2191780821917808,0.9898534273804036,0.7331730114426496,2.0987304733004684,1.0675183489911917,0.6068455010127245,0.2886941154275218,-0.1749451309445056
0.22113502935420742,-0.07253926647168146,0.7350068653003266,2.1018936913363353,1.0706670473975346,0.6088210692569375,0.2894124717255098,-0.17597386194299813
0.22309197651663404,0.5096045164412628,0.7368407191580035,2.1050569093722027,1.073815745803877,0.6107966375011504,0.2901308280234979,-0.17700259294149073
0.22504892367906065,-0.26754109500399664,0.7386745730156805,2.10822012740807,1.07696444421022,0.6127722057453634,0.2908491843214859,-0.17803132393998328
0.22700587084148727,0.4018581816827339,0.7405084268733575,2.1113833454439375,1.0801131426165627,0.6147477739895764,0.2915675406194739,-0.17906005493847585
0.22896281800391388,-0.3676670200033804,0.7423422807310345,2.114546563479805,1.0832618410229053,0.6167233422337894,0.29228589691746193,-0.18008878593696842
0.2309197651663405,0.9043867131321912,0.7441761345887116,2.117709781515672,1.0864105394292483,0.6186989104780024,0.29300425321544993,-0.18111751693546096
0.2328767123287671,2.840031331194404,0.7460099884463886,2.120872999551539,1.089559237835591,0.6206744787222154,0.2937226095134379,-0.18214624793395356
0.23483365949119372,0.3614904498258826,0.7478438423040655,2.1240362175874066,1.0927079362419336,0.6226500469664284,0.294440965811426,-0.1831749789324461
0.23679060665362034,2.7492567622160125,0.7496776961617425,2.127199435623274,1.0958566346482763,0.6246256152106414,0.295159322109414,-0.18420370993093868
0.23874755381604695,1.1985506665398429,0.7515115500194195,2.1303626536591413,1.099005333054619,0.6266011834548544,0.295877678407402,-0.18523244092943125
0.24070450097847357,1.2772789729606155,0.7533454038770966,2.1335258716950083,1.102154031460962,0.6285767516990675,0.29659603470539003,-0.1862611719279238
0.24266144814090018,0.33466304481883025,0.7551792577347736,2.1366890897308757,1.1053027298673046,0.6305523199432804,0.29731439100337803,-0.1872899029264164
0.2446183953033268,1.1743530997022442,0.7570131115924505,2.139852307766743,1.1084514282736473,0.6325278881874934,0.2980327473013661,-0.18831863392490894
0.2465753424657534,1.075082783130365,0.7588469654501275,2.1430155258026105,1.11160012667999,0.6345034564317064,0.2987511035993541,-0.18934736492340148
0.24853228962818003,1.090228168196009,0.7606808193078045,2.146178743838478,1.1147488250863327,0.6364790246759193,0.2994694598973421,-0.19037609592189408
0.25048923679060664,-0.0816113627254933,0.7625146731654815,2.149341961874345,1.1178975234926756,0.6384545929201324,0.3001878161953301,-0.19140482692038663
0.25244618395303325,0.8019603899796865,0.7643485270231585,2.152505179910212,1.1210462218990183,0.6404301611643454,0.30090617249331814,-0.19243355791887923
0.25440313111545987,0.31516259915996897,0.7661823808808355,2.1556683979460796,1.124194920305361,0.6424057294085583,0.30162452879130613,-0.19346228891737177
0.2563600782778865,0.47021467026679625,0.7680162347385124,2.158831615981947,1.1273436187117036,0.6443812976527714,0.3023428850892942,-0.19449101991586432
0.2583170254403131,-0.19551975091435692,0.7698500885961895,2.1619948340178143,1.1304923171180463,0.6463568658969843,0.3030612413872822,-0.19551975091435692
0.2602739726027397,1.247912696400601,0.7716839424538665,2.1651580520536813,1.1336410155243892,0.6483324341411973,0.3037795976852702,-0.19654848191284946
0.2622309197651663,0.7524232651230001,0.7735177963115435,2.1683212700895487,1.136789713930732,0.6503080023854103,0.3044979539832582,-0.19757721291134206
0.26418786692759294,0.2740748690892887,0.7753516501692205,2.171484488125416,1.1399384123370746,0.6522835706296233,0.30521631028124624,-0.1986059439098346
0.26614481409001955,0.758744890352604,0.7771855040268975,2.1746477061612834,1.1430871107434175,0.6542591388738364,0.30593466657923424,-0.19963467490832715
0.26810176125244617,0.6374567536146385,0.7790193578845745,2.177810924197151,1.1462358091497602,0.6562347071180493,0.3066530228772223,-0.20066340590681975
0.2700587084148728,1.7239382694265128,0.7808532117422515,2.1809741422330178,1.1493845075561029,0.6582102753622623,0.3073713791752103,-0.2016921369053123
0.2720156555772994,0.36429444283052764,0.7826870655999285,2.184137360268885,1.1525332059624456,0.6601858436064754,0.3080897354731983,-0.2027208679038049
0.273972602739726,0.5265749142405318,0.7845209194576055,2.1873005783047526,1.1556819043687883,0.6621614118506883,0.30880809177118634,-0.20374959890229744
0.2759295499021526,1.3692021312633544,0.7863547733152825,2.19046379634062,1.1588306027751312,0.6641369800949013,0.30952644806917434,-0.20477832990078998
0.27788649706457924,0.9107792129517128,0.7881886271729595,2.1936270143764873,1.1619793011814739,0.6661125483391144,0.3102448043671624,-0.20580706089928258
0.27984344422700586,1.9790709288705481,0.7900224810306364,2.1967902324123543,1.1651279995878165,0.6680881165833272,0.3109631606651504,-0.20683579189777512
0.28180039138943247,0.6520978186656785,0.7918563348883134,2.1999534504482217,1.1682766979941592,0.6700636848275403,0.3116815169631384,-0.20786452289626772
0.2837573385518591,0.71771782376219,0.7936901887459904,2.203116668484089,1.171425396400502,0.6720392530717533,0.3123998732611264,-0.20889325389476027
0.2857142857142857,0.7892780234258985,0.7955240426036674,2.2062798865199564,1.1745740948068448,0.6740148213159662,0.31311822955911445,-0.2099219848932528
0.2876712328767123,0.6794206946930632,0.7973578964613445,2.209443104555824,1.1777227932131875,0.6759903895601793,0.31383658585710245,-0.2109507158917454
0.2896281800391389,0.40809581602100403,0.7991917503190215,2.2126063225916908,1.1808714916195302,0.6779659578043923,0.3145549421550905,-0.21197944689023795
0.29158512720156554,0.8239733953786067,0.8010256041766984,2.215769540627558,1.1840201900258729,0.6799415260486052,0.3152732984530785,-0.2130081778887305
0.29354207436399216,1.6736642156790489,0.8028594580343755,2.2189327586634255,1.1871688884322156,0.6819170942928183,0.3159916547510665,-0.2140369088872231
0.29549902152641877,-0.7606431802258049,0.8046933118920525,2.222095976699293,1.1903175868385585,0.6838926625370312,0.3167100110490545,-0.21506563988571564
0.2974559686888454,1.4700879954345996,0.8065271657497295,2.2252591947351603,1.1934662852449012,0.6858682307812443,0.31742836734704255,-0.21609437088420824
0.299412915851272,1.4577297908597295,0.8083610196074065,2.2284224127710273,1.1966149836512439,0.6878437990254572,0.31814672364503055,-0.2171231018827008
0.3013698630136986,0.6723473261146685,0.8101948734650835,2.2315856308068946,1.1997636820575868,0.6898193672696702,0.3188650799430186,-0.21815183288119333
0.30332681017612523,0.3063561435223166,0.8120287273227604,2.234748848842762,1.2029123804639295,0.6917949355138833,0.3195834362410066,-0.21918056387968593
0.30528375733855184,0.7590625950909062,0.8138625811804374,2.2379120668786294,1.2060610788702721,0.6937705037580962,0.3203017925389946,-0.22020929487817847
0.30724070450097846,0.7395057295820286,0.8156964350381144,2.241075284914497,1.2092097772766148,0.6957460720023092,0.32102014883698266,-0.22123802587667107
0.30919765166340507,0.7932460622161235,0.8175302888957914,2.2442385029503638,1.2123584756829575,0.6977216402465223,0.32173850513497065,-0.22226675687516362
0.3111545988258317,-0.16006173233820825,0.8193641427534684,2.247401720986231,1.2155071740893004,0.6996972084907351,0.3224568614329587,-0.22329548787365616
0.3131115459882583,0.5291165855809052,0.8211979966111453,2.2505649390220985,1.218655872495643,0.7016727767349482,0.3231752177309467,-0.22432421887214876
0.3150684931506849,-0.10871269698946023,0.8230318504688224,2.253728157057966,1.2218045709019858,0.7036483449791612,0.3238935740289347,-0.2253529498706413
0.31702544031311153,0.6479873968457429,0.8248657043264994,2.256891375093833,1.2249532693083285,0.7056239132233741,0.3246119303269227,-0.2263816808691339
0.31898238747553814,0.332724277456926,0.8266995581841764,2.2600545931297003,1.2281019677146712,0.7075994814675872,0.32533028662491076,-0.22741041186762645
0.32093933463796476,0.7364896081207031,0.8285334120418535,2.2632178111655676,1.231250666121014,0.7095750497118002,0.32604864292289876,-0.228439142866119
0.32289628180039137,0.2515364017978089,0.8303672658995305,2.266381029201435,1.2343993645273568,0.7115506179560132,0.3267669992208868,-0.2294678738646116
0.324853228962818,1.2375480629336995,0.8322011197572075,2.2695442472373024,1.2375480629336995,0.7135261862002262,0.3274853555188748,-0.23049660486310414
0.3268101761252446,0.9454488109337766,0.8340349736148844,2.27270746527317,1.2406967613400424,0.7155017544444391,0.3282037118168628,-0.23152533586159674
0.3287671232876712,1.8600723761294395,0.8358688274725614,2.275870683309037,1.2438454597463848,0.7174773226886522,0.3289220681148508,-0.23255406686008928
0.33072407045009783,-0.25900976787507246,0.8377026813302384,2.279033901344904,1.2469941581527277,0.7194528909328651,0.32964042441283886,-0.23358279785858183
0.33268101761252444,0.05213468117015124,0.8395365351879154,2.2821971193807715,1.2501428565590704,0.7214284591770781,0.33035878071082686,-0.23461152885707443
0.33463796477495106,0.8720453549702694,0.8413703890455924,2.285360337416639,1.2532915549654131,0.7234040274212912,0.3310771370088149,-0.23564025985556697
0.33659491193737767,1.9653390739849577,0.8432042429032693,2.288523555452506,1.256440253371756,0.7253795956655041,0.3317954933068029,-0.23666899085405957
0.3385518590998043,1.2064268334098576,0.8450380967609463,2.2916867734883732,1.2595889517780985,0.7273551639097171,0.3325138496047909,-0.2376977218525521
0.3405088062622309,0.4342221132481529,0.8468719506186233,2.2948499915242406,1.2627376501844414,0.7293307321539302,0.33323220590277897,-0.23872645285104466
0.3424657534246575,0.4498682417968679,0.8487058044763004,2.298013209560108,1.265886348590784,0.731306300398143,0.33395056220076696,-0.23975518384953726
0.34442270058708413,1.274623117937787,0.8505396583339774,2.3011764275959754,1.2690350469971268,0.7332818686423561,0.334668918498755,-0.2407839148480298
0.34637964774951074,0.44705278252566905,0.8523735121916544,2.304339645631843,1.2721837454034697,0.7352574368865691,0.335387274796743,-0.2418126458465224
0.34833659491193736,0.7817197578741887,0.8542073660493315,2.30750286366771,1.2753324438098121,0.737233005130782,0.336105631094731,-0.24284137684501494
0.350293542074364,0.32428364575431934,0.8560412199070084,2.310666081703577,1.278481142216155,0.7392085733749951,0.336823987392719,-0.2438701078435075
0.3522504892367906,-0.24400456126801706,0.8578750737646854,2.3138292997394445,1.2816298406224977,0.7411841416192081,0.33754234369070707,-0.2448988388420001
0.3542074363992172,1.387701023243376,0.8597089276223624,2.316992517775312,1.2847785390288404,0.7431597098634211,0.33826069998869507,-0.24592756984049263
0.3561643835616438,1.3469417389845693,0.8615427814800394,2.320155735811179,1.2879272374351833,0.7451352781076341,0.3389790562866831,-0.24695630083898523
0.35812133072407043,1.2836141621371908,0.8633766353377164,2.3233189538470462,1.291075935841526,0.747110846351847,0.3396974125846711,-0.24798503183747778
0.36007827788649704,0.6634567018703665,0.8652104891953933,2.3264821718829136,1.2942246342478687,0.7490864145960601,0.3404157688826591,-0.24901376283597032
0.36203522504892366,0.06885265999366097,0.8670443430530703,2.329645389918781,1.2973733326542116,0.751061982840273,0.3411341251806471,-0.2500424938344629
0.3639921722113503,0.9494858083186053,0.8688781969107473,2.3328086079546484,1.300522031060554,0.753037551084486,0.3418524814786352,-0.25107122483295546
0.3659491193737769,0.6268093857157893,0.8707120507684243,2.335971825990516,1.303670729466897,0.7550131193286991,0.34257083777662317,-0.252099955831448
0.3679060665362035,1.4515563989674352,0.8725459046261013,2.339135044026383,1.3068194278732397,0.756988687572912,0.3432891940746112,-0.2531286868299406
0.3698630136986301,0.7776320946726643,0.8743797584837784,2.34229826206225,1.3099681262795824,0.758964255817125,0.3440075503725992,-0.25415741782843315
0.37181996086105673,1.4326528696057943,0.8762136123414553,2.3454614800981175,1.3131168246859253,0.7609398240613381,0.3447259066705872,-0.25518614882692575
0.37377690802348335,0.6312001771399189,0.8780474661991323,2.348624698133985,1.3162655230922677,0.762915392305551,0.3454442629685752,-0.2562148798254183
0.37573385518590996,1.708453335654818,0.8798813200568094,2.351787916169852,1.3194142214986107,0.764890960549764,0.3461626192665633,-0.25724361082391084
0.3776908023483366,4.226849149486646,0.8817151739144864,2.354951134205719,1.3225629199049533,0.7668665287939771,0.34688097556455133,-0.25827234182240344
0.3796477495107632,2.44598377474189,0.8835490277721634,2.3581143522415866,1.325711618311296,0.76884209703819,0.34759933186253933,-0.259301072820896
0.3816046966731898,-0.15251750601287806,0.8853828816298404,2.361277570277454,1.328860316717639,0.770817665282403,0.34831768816052733,-0.2603298038193886
0.3835616438356164,0.7914343071077825,0.8872167354875173,2.3644407883133214,1.3320090151239814,0.772793233526616,0.3490360444585153,-0.2613585348178811
0.38551859099804303,1.036188089581688,0.8890505893451943,2.3676040063491888,1.3351577135303243,0.774768801770829,0.3497544007565034,-0.26238726581637367
0.38747553816046965,1.1843462974834038,0.8908844432028713,2.370767224385056,1.338306411936667,0.776744370015042,0.3504727570544914,-0.26341599681486627
0.38943248532289626,1.2397112273094488,0.8927182970605483,2.373930442420923,1.3414551103430097,0.778719938259255,0.35119111335247943,-0.2644447278133588
0.3913894324853229,0.35901032098216534,0.8945521509182253,2.3770936604567905,1.3446038087493526,0.780695506503468,0.35190946965046743,-0.2654734588118514
0.3933463796477495,1.2386510305216754,0.8963860047759022,2.380256878492658,1.3477525071556953,0.782671074747681,0.35262782594845543,-0.26650218981034396
0.3953033268101761,0.9425071699152308,0.8982198586335792,2.383420096528525,1.350901205562038,0.7846466429918939,0.35334618224644343,-0.2675309208088365
0.3972602739726027,2.154612179431739,0.9000537124912563,2.386583314564392,1.3540499039683807,0.786622211236107,0.3540645385444315,-0.2685596518073291
0.39921722113502933,-0.0642736354675133,0.9018875663489333,2.3897465326002596,1.3571986023747233,0.78859777948032,0.3547828948424195,-0.26958838280582165
0.40117416829745595,0.7108464490870259,0.9037214202066103,2.392909750636127,1.3603473007810662,0.7905733477245329,0.35550125114040754,-0.27061711380431425
0.40313111545988256,-0.5699092765839474,0.9055552740642873,2.3960729686719944,1.363495999187409,0.792548915968746,0.35621960743839554,-0.2716458448028068
0.4050880626223092,3.7370524757853802,0.9073891279219644,2.3992361867078618,1.3666446975937516,0.794524484212959,0.35693796373638353,-0.27267457580129933
0.4070450097847358,-0.25399255239203,0.9092229817796413,2.402399404743729,1.3697933960000945,0.7965000524571719,0.35765632003437153,-0.27370330679979193
0.4090019569471624,1.6772488580429143,0.9110568356373183,2.405562622779596,1.372942094406437,0.798475620701385,0.3583746763323596,-0.2747320377982845
0.410958904109589,0.4124894604853746,0.9128906894949953,2.4087258408154635,1.37609079281278,0.8004511889455979,0.35909303263034764,-0.2757607687967771
0.41291585127201563,-0.3713906561297546,0.9147245433526723,2.411889058851331,1.3792394912191226,0.8024267571898109,0.35981138892833564,-0.2767894997952696
0.41487279843444225,1.4851640822530163,0.9165583972103493,2.415052276887198,1.3823881896254653,0.8044023254340239,0.36052974522632364,-0.27781823079376217
0.41682974559686886,0.07157359945249775,0.9183922510680262,2.418215494923065,1.3855368880318082,0.8063778936782369,0.36124810152431164,-0.27884696179225477
0.4187866927592955,-0.22844144786605058,0.9202261049257032,2.4213787129589326,1.3886855864381507,0.80835346192245,0.36196645782229964,-0.2798756927907473
0.4207436399217221,0.9856299408603408,0.9220599587833802,2.4245419309948,1.3918342848444936,0.8103290301666629,0.3626848141202877,-0.2809044237892399
0.4227005870841487,1.3105575806508736,0.9238938126410572,2.4277051490306674,1.3949829832508363,0.8123045984108759,0.36340317041827574,-0.28193315478773245
0.4246575342465753,0.597798318225553,0.9257276664987343,2.4308683670665348,1.398131681657179,0.814280166655089,0.36412152671626374,-0.282961885786225
0.42661448140900193,1.4804486326366446,0.9275615203564113,2.434031585102402,1.4012803800635218,0.8162557348993018,0.36483988301425174,-0.2839906167847176
0.42857142857142855,0.5816909830934789,0.9293953742140882,2.437194803138269,1.4044290784698645,0.8182313031435149,0.36555823931223974,-0.28501934778321014
0.43052837573385516,2.031172814791317,0.9312292280717652,2.4403580211741365,1.4075777768762072,0.8202068713877279,0.3662765956102278,-0.2860480787817027
0.4324853228962818,0.8992372490670064,0.9330630819294423,2.443521239210004,1.41072647528255,0.8221824396319408,0.3669949519082158,-0.2870768097801953
0.4344422700587084,2.1202048465679875,0.9348969357871193,2.446684457245871,1.4138751736888926,0.8241580078761539,0.36771330820620385,-0.28810554077868783
0.436399217221135,0.7559424020828706,0.9367307896447963,2.449847675281738,1.4170238720952355,0.8261335761203669,0.36843166450419185,-0.28913427177718043
0.4383561643835616,-0.05802442802074914,0.9385646435024733,2.4530108933176056,1.4201725705015782,0.8281091443645798,0.36915002080217985,-0.290163002775673
0.44031311154598823,2.018357401031091,0.9403984973601502,2.456174111353473,1.4233212689079209,0.8300847126087929,0.36986837710016784,-0.2911917337741655
0.44227005870841485,0.5030086988234763,0.9422323512178272,2.4593373293893404,1.4264699673142638,0.8320602808530058,0.3705867333981559,-0.2922204647726581
0.44422700587084146,0.4709348746899138,0.9440662050755042,2.4625005474252077,1.4296186657206063,0.8340358490972188,0.37130508969614395,-0.29324919577115066
0.4461839530332681,0.08425179319730852,0.9459000589331812,2.465663765461075,1.4327673641269492,0.8360114173414318,0.37202344599413195,-0.29427792676964326
0.4481409001956947,0.5251411576894967,0.9477339127908582,2.468826983496942,1.4359160625332918,0.8379869855856448,0.37274180229211995,-0.2953066577681358
0.4500978473581213,0.7821594040459504,0.9495677666485351,2.4719902015328095,1.4390647609396345,0.8399625538298578,0.37346015859010795,-0.29633538876662835
0.4520547945205479,0.8191809884662488,0.9514016205062122,2.475153419568677,1.4422134593459774,0.8419381220740708,0.37417851488809595,-0.29736411976512095
0.45401174168297453,3.5391715070318974,0.9532354743638892,2.478316637604544,1.44536215775232,0.8439136903182838,0.374896871186084,-0.2983928507636135
0.45596868884540115,1.794623689289123,0.9550693282215662,2.481479855640411,1.4485108561586628,0.8458892585624969,0.37561522748407206,-0.2994215817621061
0.45792563600782776,1.0213760183243545,0.9569031820792432,2.4846430736762786,1.4516595545650055,0.8478648268067098,0.37633358378206005,-0.30045031276059864
0.4598825831702544,-0.046190158164442,0.9587370359369203,2.487806291712146,1.4548082529713482,0.8498403950509228,0.37705194008004805,-0.3014790437590912
0.461839530332681,0.7609320701863467,0.9605708897945973,2.4909695097480133,1.457956951377691,0.8518159632951359,0.37777029637803605,-0.3025077747575838
0.4637964774951076,0.17923375799073704,0.9624047436522742,2.4941327277838807,1.4611056497840336,0.8537915315393487,0.3784886526760241,-0.3035365057560763
0.4657534246575342,-0.5503892066692025,0.9642385975099512,2.497295945819748,1.4642543481903765,0.8557670997835618,0.3792070089740121,-0.3045652367545689
0.46771037181996084,2.258522285224701,0.9660724513676282,2.500459163855615,1.4674030465967192,0.8577426680277748,0.37992536527200016,-0.30559396775306147
0.46966731898238745,0.15097735971107729,0.9679063052253052,2.5036223818914825,1.4705517450030618,0.8597182362719877,0.38064372156998816,-0.306622698751554
0.47162426614481406,1.9909495376362238,0.9697401590829822,2.50678559992735,1.4737004434094048,0.8616938045162008,0.38136207786797616,-0.3076514297500466
0.4735812133072407,0.7835156112090651,0.9715740129406591,2.509948817963217,1.4768491418157474,0.8636693727604138,0.38208043416596416,-0.30868016074853916
0.4755381604696673,-0.2974735365885945,0.9734078667983361,2.513112035999084,1.4799978402220901,0.8656449410046267,0.3827987904639522,-0.30970889174703176
0.4774951076320939,4.762535300453184,0.9752417206560131,2.5162752540349516,1.483146538628433,0.8676205092488398,0.38351714676194026,-0.3107376227455243
0.4794520547945205,0.9581334555314027,0.9770755745136902,2.519438472070819,1.4862952370347755,0.8695960774930527,0.38423550305992826,-0.3117663537440169
0.48140900195694714,1.1771615777188613,0.9789094283713672,2.5226016901066863,1.4894439354411184,0.8715716457372658,0.38495385935791626,-0.31279508474250944
0.48336594911937375,0.19110326503575625,0.9807432822290442,2.5257649081425537,1.492592633847461,0.8735472139814787,0.38567221565590426,-0.313823815741002
0.48532289628180036,2.052215608996894,0.9825771360867211,2.528928126178421,1.4957413322538038,0.8755227822256917,0.38639057195389226,-0.3148525467394946
0.487279843444227,-0.3415291012078278,0.9844109899443982,2.532091344214288,1.4988900306601467,0.8774983504699048,0.3871089282518803,-0.31588127773798713
0.4892367906066536,0.6456058186124605,0.9862448438020752,2.5352545622501554,1.5020387290664892,0.8794739187141177,0.38782728454986837,-0.31691000873647973
0.4911937377690802,3.0741958501335502,0.9880786976597522,2.538417780286023,1.505187427472832,0.8814494869583307,0.38854564084785637,-0.3179387397349723
0.4931506849315068,-0.44339755290694827,0.9899125515174292,2.5415809983218898,1.5083361258791748,0.8834250552025438,0.38926399714584436,-0.3189674707334648
0.49510763209393344,2.063782466523455,0.9917464053751062,2.544744216357757,1.5114848242855174,0.8854006234467566,0.38998235344383236,-0.3199962017319574
0.49706457925636005,1.2605363822928721,0.9935802592327831,2.5479074343936245,1.5146335226918604,0.8873761916909697,0.3907007097418204,-0.32102493273044996
0.49902152641878667,0.4190301049433706,0.9954141130904601,2.551070652429492,1.5177822210982028,0.8893517599351827,0.3914190660398084,-0.32205366372894256
0.5009784735812133,2.194425960926739,0.9972479669481371,2.5542338704653593,1.5209309195045457,0.8913273281793956,0.39213742233779647,-0.3230823947274351
0.5029354207436398,1.1994599628378508,0.9990818208058141,2.5573970885012267,1.5240796179108882,0.8933028964236086,0.39285577863578447,-0.32411112572592765
0.5048923679060665,0.8636541885583964,1.000915674663491,2.560560306537094,1.527228316317231,0.8952784646678217,0.39357413493377247,-0.32513985672442025
0.5068493150684932,0.24392745782928033,1.0027495285211683,2.5637235245729615,1.530377014723574,0.8972540329120348,0.3942924912317605,-0.32616858772291285
0.5088062622309197,0.6365639932499664,1.0045833823788453,2.5668867426088284,1.5335257131299167,0.8992296011562476,0.3950108475297485,-0.3271973187214054
0.5107632093933463,-0.032326147564927465,1.006417236236522,2.5700499606446954,1.5366744115362594,0.9012051694004606,0.3957292038277365,-0.3282260497198979
0.512720156555773,1.320535847024703,1.0082510900941992,2.5732131786805628,1.539823109942602,0.9031807376446737,0.3964475601257246,-0.3292547807183905
0.5146771037181996,0.46676884388752127,1.0100849439518762,2.57637639671643,1.542971808348945,0.9051563058888867,0.3971659164237126,-0.3302835117168831
0.5166340508806262,1.675048038346509,1.0119187978095532,2.5795396147522975,1.5461205067552877,0.9071318741330996,0.39788427272170057,-0.3313122427153756
0.5185909980430528,1.6663889212558014,1.0137526516672302,2.582702832788165,1.5492692051616301,0.9091074423773126,0.39860262901968857,-0.33234097371386817
0.5205479452054794,0.9174029039821401,1.0155865055249071,2.5858660508240323,1.552417903567973,0.9110830106215256,0.3993209853176766,-0.33336970471236077
0.5225048923679061,0.8221811131474188,1.0174203593825841,2.5890292688598997,1.555566601974316,0.9130585788657387,0.4000393416156647,-0.33439843571085337
0.5244618395303327,0.7500001073641347,1.019254213240261,2.592192486895767,1.5587153003806584,0.9150341471099516,0.4007576979136527,-0.3354271667093459
0.5264187866927592,0.19158013186064415,1.021088067097938,2.595355704931634,1.5618639987870013,0.9170097153541645,0.4014760542116407,-0.33645589770783846
0.5283757338551859,1.1460361831349422,1.022921920955615,2.5985189229675014,1.565012697193344,0.9189852835983776,0.4021944105096287,-0.337484628706331
0.5303326810176126,1.7790415220310152,1.024755774813292,2.601682141003369,1.5681613955996867,0.9209608518425907,0.40291276680761673,-0.3385133597048236
0.5322896281800391,1.3508378658650442,1.026589628670969,2.6048453590392358,1.5713100940060296,0.9229364200868035,0.4036311231056047,-0.33954209070331615
0.5342465753424657,3.268754461902917,1.028423482528646,2.608008577075103,1.574458792412372,0.9249119883310165,0.4043494794035927,-0.3405708217018087
0.5362035225048923,-0.07028546206911956,1.030257336386323,2.6111717951109705,1.577607490818715,0.9268875565752296,0.4050678357015808,-0.3415995527003013
0.538160469667319,0.34915625050777566,1.0320911902440002,2.614335013146838,1.580756189225058,0.9288631248194427,0.4057861919995688,-0.3426282836987939
0.5401174168297456,-0.26643577394165563,1.033925044101677,2.6174982311827053,1.5839048876314004,0.9308386930636555,0.4065045482975568,-0.34365701469728643
0.5420743639921721,2.1057819600908116,1.035758897959354,2.6206614492185727,1.587053586037743,0.9328142613078685,0.4072229045955448,-0.344685745695779
0.5440313111545988,0.40794729566451104,1.037592751817031,2.62382466725444,1.590202284444086,0.9347898295520816,0.40794126089353283,-0.3457144766942716
0.5459882583170255,1.6196349811665303,1.0394266056747081,2.6269878852903075,1.5933509828504286,0.9367653977962946,0.4086596171915209,-0.3467432076927642
0.547945205479452,0.14823496710483275,1.041260459532385,2.6301511033261744,1.5964996812567713,0.9387409660405076,0.4093779734895089,-0.34777193869125667
0.5499021526418786,0.9232183524815352,1.0430943133900619,2.6333143213620414,1.599648379663114,0.9407165342847205,0.4100963297874969,-0.3488006696897492
0.5518590998043053,0.6971121090536504,1.044928167247739,2.6364775393979087,1.602797078069457,0.9426921025289335,0.4108146860854849,-0.3498294006882418
0.5538160469667319,1.8753355671551761,1.0467620211054163,2.639640757433776,1.6059457764757998,0.9446676707731466,0.411533042383473,-0.3508581316867344
0.5557729941291585,0.7227785309943263,1.048595874963093,2.6428039754696435,1.6090944748821423,0.9466432390173596,0.412251398681461,-0.35188686268522695
0.557729941291585,0.8026129234965392,1.05042972882077,2.645967193505511,1.612243173288485,0.9486188072615724,0.412969754979449,-0.3529155936837195
0.5596868884540117,0.5778774376350669,1.0522635826784472,2.6491304115413783,1.6153918716948277,0.9505943755057855,0.413688111277437,-0.3539443246822121
0.5616438356164384,0.8813469300164426,1.0540974365361242,2.6522936295772457,1.6185405701011706,0.9525699437499986,0.41440646757542504,-0.3549730556807047
0.5636007827788649,-0.11551112894255877,1.0559312903938012,2.655456847613113,1.6216892685075133,0.9545455119942116,0.415124823873413,-0.35600178667919724
0.5655577299412915,1.0593539425282663,1.0577651442514782,2.65862006564898,1.624837966913856,0.9565210802384244,0.415843180171401,-0.35703051767768973
0.5675146771037182,0.4491352072021849,1.0595989981091551,2.6617832836848474,1.6279866653201989,0.9584966484826375,0.4165615364693891,-0.35805924867618233
0.5694716242661448,0.5824942147116713,1.0614328519668321,2.664946501720715,1.6311353637265416,0.9604722167268506,0.4172798927673771,-0.35908797967467493
0.5714285714285714,0.9568182077015276,1.063266705824509,2.6681097197565817,1.6342840621328842,0.9624477849710635,0.4179982490653651,-0.3601167106731675
0.573385518590998,0.0880502150607857,1.065100559682186,2.671272937792449,1.6374327605392267,0.9644233532152764,0.4187166053633531,-0.36114544167166
0.5753424657534246,0.9312295398090772,1.066934413539863,2.6744361558283165,1.6405814589455696,0.9663989214594895,0.41943496166134114,-0.3621741726701526
0.5772994129158513,0.5335465074181367,1.06876826739754,2.677599373864184,1.6437301573519125,0.9683744897037025,0.4201533179593292,-0.3632029036686452
0.5792563600782779,1.0421972989118569,1.070602121255217,2.6807625919000513,1.646878855758255,0.9703500579479155,0.4208716742573172,-0.36423163466713776
0.5812133072407044,1.5069813558709688,1.072435975112894,2.6839258099359187,1.650027554164598,0.9723256261921284,0.4215900305553052,-0.3652603656656303
0.5831702544031311,4.182412176247883,1.074269828970571,2.687089027971786,1.6531762525709406,0.9743011944363414,0.4223083868532932,-0.36628909666412285
0.5851272015655578,1.8664723845422102,1.076103682828248,2.6902522460076534,1.6563249509772835,0.9762767626805545,0.42302674315128125,-0.36731782766261545
0.5870841487279843,2.7062061260329404,1.077937536685925,2.6934154640435204,1.6594736493836262,0.9782523309247675,0.42374509944926925,-0.368346558661108
0.5890410958904109,0.7324331428447293,1.079771390543602,2.6965786820793873,1.6626223477899686,0.9802278991689803,0.42446345574725725,-0.36937528965960054
0.5909980430528375,-0.05206144058414186,1.081605244401279,2.6997419001152547,1.6657710461963116,0.9822034674131934,0.4251818120452453,-0.37040402065809314
0.5929549902152642,-0.08069575501310422,1.083439098258956,2.702905118151122,1.6689197446026545,0.9841790356574065,0.4259001683432333,-0.37143275165658574
0.5949119373776908,0.6118689060547969,1.0852729521166329,2.7060683361869895,1.672068443008997,0.9861546039016195,0.4266185246412213,-0.3724614826550783
0.5968688845401173,2.0439900209685353,1.0871068059743099,2.709231554222857,1.6752171414153398,0.9881301721458323,0.4273368809392093,-0.3734902136535708
0.598825831702544,2.126011103228057,1.0889406598319868,2.7123947722587243,1.6783658398216825,0.9901057403900454,0.42805523723719735,-0.3745189446520634
0.6007827788649707,0.2957602811600838,1.090774513689664,2.7155579902945917,1.6815145382280252,0.9920813086342585,0.4287735935351854,-0.375547675650556
0.6027397260273972,1.396987196975587,1.092608367547341,2.718721208330459,1.6846632366343681,0.9940568768784714,0.4294919498331734,-0.3765764066490485
0.6046966731898238,1.2434705682129255,1.0944422214050178,2.721884426366326,1.6878119350407106,0.9960324451226843,0.4302103061311614,-0.37760513764754106
0.6066536203522505,1.7309015645610373,1.096276075262695,2.7250476444021934,1.6909606334470535,0.9980080133668974,0.4309286624291494,-0.37863386864603366
0.6086105675146771,1.866422033132293,1.0981099291203722,2.7282108624380608,1.6941093318533964,0.9999835816111105,0.43164701872713745,-0.37966259964452626
0.6105675146771037,1.838667093951022,1.099943782978049,2.7313740804739277,1.6972580302597389,1.0019591498553235,0.43236537502512545,-0.3806913306430188
0.6125244618395302,0.1877083541677399,1.101777636835726,2.734537298509795,1.7004067286660816,1.0039347180995364,0.43308373132311345,-0.38172006164151134
0.6144814090019569,3.224940763029422,1.1036114906934031,2.7377005165456625,1.7035554270724242,1.0059102863437492,0.4338020876211015,-0.38274879264000394
0.6164383561643836,1.5922707538325216,1.1054453445510801,2.74086373458153,1.7067041254787672,1.0078858545879625,0.4345204439190895,-0.38377752363849654
0.6183953033268101,1.2405071102847283,1.107279198408757,2.7440269526173973,1.7098528238851098,1.0098614228321754,0.4352388002170775,-0.3848062546369891
0.6203522504892367,1.0275441429628651,1.109113052266434,2.7471901706532647,1.7130015222914525,1.0118369910763882,0.4359571565150655,-0.3858349856354816
0.6223091976516634,0.078344469803316,1.110946906124111,2.750353388689132,1.7161502206977954,1.0138125593206013,0.4366755128130536,-0.3868637166339742
0.62426614481409,-0.057515376187954104,1.112780759981788,2.7535166067249994,1.7192989191041383,1.0157881275648144,0.4373938691110416,-0.3878924476324668
0.6262230919765166,1.488870016477339,1.114614613839465,2.7566798247608664,1.7224476175104808,1.0177636958090273,0.4381122254090296,-0.3889211786309593
0.6281800391389432,0.062190009513939715,1.116448467697142,2.7598430427967333,1.7255963159168233,1.0197392640532401,0.4388305817070176,-0.38994990962945186
0.6301369863013698,1.0413495314737173,1.118282321554819,2.7630062608326007,1.7287450143231662,1.0217148322974534,0.4395489380050056,-0.39097864062794446
0.6320939334637965,0.2711728047027596,1.120116175412496,2.766169478868468,1.731893712729509,1.0236904005416663,0.4402672943029937,-0.39200737162643706
0.6340508806262231,1.434435656994345,1.121950029270173,2.7693326969043355,1.7350424111358516,1.0256659687858793,0.4409856506009817,-0.3930361026249296
0.6360078277886496,1.4620398074185497,1.12378388312785,2.772495914940203,1.7381911095421945,1.0276415370300922,0.4417040068989697,-0.39406483362342215
0.6379647749510763,1.0418552299311132,1.125617736985527,2.7756591329760703,1.7413398079485374,1.0296171052743053,0.4424223631969577,-0.39509356462191475
0.639921722113503,3.376969325594408,1.127451590843204,2.7788223510119376,1.7444885063548798,1.0315926735185184,0.44314071949494577,-0.3961222956204073
0.6418786692759295,1.188744046334837,1.1292854447008809,2.781985569047805,1.7476372047612228,1.0335682417627314,0.44385907579293377,-0.39715102661889984
0.6438356164383561,1.7364009982647828,1.1311192985585579,2.785148787083672,1.7507859031675652,1.0355438100069443,0.44457743209092176,-0.3981797576173924
0.6457925636007827,1.3006091907849582,1.1329531524162348,2.7883120051195394,1.7539346015739081,1.0375193782511571,0.4452957883889098,-0.399208488615885
0.6477495107632094,1.7474202439683788,1.1347870062739118,2.7914752231554067,1.757083299980251,1.0394949464953704,0.4460141446868978,-0.4002372196143776
0.649706457925636,0.11203120993360383,1.1366208601315888,2.7946384411912737,1.7602319983865935,1.0414705147395833,0.4467325009848858,-0.4012659506128701
0.6516634050880625,2.9538861657415043,1.1384547139892658,2.797801659227141,1.7633806967929364,1.0434460829837962,0.4474508572828738,-0.40229468161136267
0.6536203522504892,2.0251850404783083,1.1402885678469428,2.8009648772630085,1.7665293951992793,1.0454216512280092,0.44816921358086187,-0.40332341260985527
0.6555772994129159,0.5721336279415187,1.14212242170462,2.804128095298876,1.7696780936056218,1.0473972194722223,0.4488875698788499,-0.40435214360834787
0.6575342465753424,-0.948906592209253,1.143956275562297,2.8072913133347432,1.7728267920119647,1.0493727877164352,0.4496059261768379,-0.40538087460684036
0.659491193737769,-0.36727700653859285,1.1457901294199737,2.8104545313706106,1.7759754904183072,1.0513483559606482,0.4503242824748259,-0.4064096056053329
0.6614481409001957,-1.3572801952770528,1.147623983277651,2.813617749406478,1.77912418882465,1.0533239242048613,0.4510426387728139,-0.4074383366038255
0.6634050880626223,-0.07600160347690599,1.1494578371353281,2.8167809674423454,1.782272887230993,1.0552994924490742,0.451760995070802,-0.4084670676023181
0.6653620352250489,0.9001771816818925,1.1512916909930049,2.8199441854782124,1.7854215856373354,1.0572750606932872,0.45247935136879,-0.40949579860081065
0.6673189823874754,2.3912855590465893,1.1531255448506819,2.8231074035140793,1.7885702840436783,1.0592506289375003,0.45319770766677797,-0.4105245295993032
0.6692759295499021,0.52013781246129,1.154959398708359,2.8262706215499467,1.7917189824500208,1.0612261971817132,0.453916063964766,-0.4115532605977958
0.6712328767123288,1.035193233737576,1.156793252566036,2.829433839585814,1.7948676808563637,1.0632017654259263,0.454634420262754,-0.4125819915962884
0.6731898238747553,0.5913664364790339,1.158627106423713,2.8325970576216815,1.7980163792627066,1.0651773336701393,0.455352776560742,-0.41361072259478093
0.6751467710371819,0.8208326455471584,1.16046096028139,2.835760275657549,1.801165077669049,1.0671529019143522,0.45607113285873,-0.4146394535932734
0.6771037181996086,0.542261973766169,1.162294814139067,2.8389234936934162,1.804313776075392,1.069128470158565,0.4567894891567181,-0.415668184591766
0.6790606653620352,1.0096855735588526,1.164128667996744,2.8420867117292836,1.807462474481735,1.0711040384027783,0.45750784545470613,-0.4166969155902586
0.6810176125244618,1.5349126831405417,1.165962521854421,2.845249929765151,1.8106111728880774,1.0730796066469912,0.45822620175269413,-0.41772564658875116
0.6829745596868884,-0.14897825085548821,1.167796375712098,2.848413147801018,1.8137598712944198,1.075055174891204,0.4589445580506821,-0.4187543775872437
0.684931506849315,2.2057680673482296,1.169630229569775,2.8515763658368853,1.8169085697007628,1.0770307431354171,0.4596629143486701,-0.4197831085857363
0.6868884540117417,1.794546685342819,1.171464083427452,2.8547395838727527,1.8200572681071057,1.0790063113796302,0.46038127064665824,-0.4208118395842289
0.6888454011741683,0.5291206152399335,1.1732979372851289,2.8579028019086197,1.8232059665134486,1.080981879623843,0.46109962694464623,-0.42184057058272145
0.6908023483365948,1.457694496640606,1.1751317911428059,2.861066019944487,1.826354664919791,1.0829574478680561,0.46181798324263423,-0.422869301581214
0.6927592954990215,0.1409060064564256,1.1769656450004828,2.8642292379803544,1.829503363326134,1.0849330161122692,0.46253633954062223,-0.4238980325797066
0.6947162426614482,0.36010529667484786,1.1787994988581598,2.867392456016222,1.8326520617324769,1.086908584356482,0.46325469583861023,-0.42492676357819914
0.6966731898238747,0.8548624609292286,1.1806333527158368,2.8705556740520892,1.8358007601388193,1.0888841526006952,0.46397305213659823,-0.4259554945766917
0.6986301369863013,0.890737564412156,1.1824672065735138,2.8737188920879566,1.8389494585451618,1.0908597208449082,0.46469140843458623,-0.42698422557518423
0.700587084148728,0.5666771196312804,1.1843010604311908,2.876882110123824,1.8420981569515047,1.092835289089121,0.46540976473257434,-0.42801295657367683
0.7025440313111546,0.4731823746888152,1.1861349142888677,2.8800453281596914,1.8452468553578476,1.0948108573333342,0.46612812103056234,-0.42904168757216943
0.7045009784735812,0.40798950455968286,1.1879687681465447,2.8832085461955583,1.84839555376419,1.0967864255775472,0.46684647732855034,-0.43007041857066197
0.7064579256360077,2.4303265492357458,1.1898026220042217,2.8863717642314253,1.851544252170533,1.09876199382176,0.46756483362653833,-0.4310991495691545
0.7084148727984344,-0.8333891824605222,1.1916364758618987,2.8895349822672927,1.8546929505768759,1.100737562065973,0.46828318992452633,-0.4321278805676471
0.7103718199608611,1.0364606287977314,1.193470329719576,2.89269820030316,1.8578416489832184,1.1027131303101863,0.46900154622251444,-0.4331566115661397
0.7123287671232876,1.486422222369296,1.1953041835772529,2.8958614183390274,1.8609903473895613,1.104688698554399,0.46971990252050244,-0.43418534256463226
0.7142857142857142,1.8071798461506687,1.1971380374349296,2.899024636374895,1.8641390457959037,1.106664266798612,0.47043825881849044,-0.43521407356312475
0.7162426614481409,1.9692330896129742,1.1989718912926068,2.902187854410762,1.8672877442022466,1.108639835042825,0.47115661511647844,-0.43624280456161735
0.7181996086105675,-0.08938924688373318,1.200805745150284,2.9053510724466296,1.8704364426085895,1.1106154032870381,0.47187497141446644,-0.43727153556010995
0.7201565557729941,1.2756935992819485,1.2026395990079608,2.908514290482497,1.873585141014932,1.112590971531251,0.47259332771245444,-0.4383002665586025
0.7221135029354206,1.1145665397754643,1.2044734528656378,2.911677508518364,1.876733839421275,1.114566539775464,0.47331168401044243,-0.43932899755709504
0.7240704500978473,0.7663257575566776,1.206307306723315,2.9148407265542313,1.8798825378276178,1.1165421080196771,0.47403004030843054,-0.44035772855558764
0.726027397260274,0.49227263799369875,1.208141160580992,2.9180039445900987,1.8830312362339603,1.11851767626389,0.47474839660641854,-0.44138645955408023
0.7279843444227005,2.463557930688207,1.209975014438669,2.9211671626259657,1.8861799346403032,1.120493244508103,0.47546675290440654,-0.4424151905525728
0.7299412915851271,0.37463770029773763,1.2118088682963457,2.924330380661833,1.8893286330466457,1.1224688127523161,0.47618510920239454,-0.4434439215510653
0.7318982387475538,2.6797821264147634,1.213642722154023,2.9274935986977004,1.8924773314529886,1.124444380996529,0.47690346550038254,-0.44447265254955787
0.7338551859099804,1.306639365227217,1.2154765760117,2.930656816733568,1.8956260298593315,1.126419949240742,0.47762182179837065,-0.44550138354805047
0.735812133072407,3.3754408148830617,1.2173104298693769,2.933820034769435,1.898774728265674,1.1283955174849551,0.47834017809635865,-0.446530114546543
0.7377690802348336,0.8486254740658343,1.2191442837270539,2.9369832528053026,1.9019234266720169,1.130371085729168,0.47905853439434665,-0.44755884554503556
0.7397260273972602,-0.8955016699247959,1.2209781375847308,2.94014647084117,1.9050721250783593,1.132346653973381,0.47977689069233465,-0.44858757654352815
0.7416829745596869,1.6635218126401392,1.2228119914424078,2.9433096888770374,1.9082208234847022,1.1343222222175942,0.48049524699032276,-0.44961630754202075
0.7436399217221135,1.6437963115226444,1.2246458453000848,2.9464729069129043,1.9113695218910451,1.136297790461807,0.48121360328831075,-0.4506450385405133
0.74559686888454,2.539752538994155,1.2264796991577618,2.9496361249487713,1.9145182202973876,1.1382733587060199,0.48193195958629875,-0.45167376953900584
0.7475538160469667,0.9015858027562594,1.2283135530154388,2.9527993429846386,1.9176669187037305,1.1402489269502332,0.48265031588428675,-0.45270250053749844
0.7495107632093934,0.6975739318781158,1.2301474068731157,2.955962561020506,1.9208156171100734,1.142224495194446,0.48336867218227475,-0.45373123153599104
0.7514677103718199,3.69309665071769,1.2319812607307927,2.9591257790563734,1.923964315516416,1.1442000634386589,0.48408702848026275,-0.45475996253448353
0.7534246575342465,0.7292158900940507,1.2338151145884697,2.962288997092241,1.9271130139227584,1.146175631682872,0.48480538477825075,-0.4557886935329761
0.7553816046966731,1.7837887492692768,1.2356489684461467,2.965452215128108,1.9302617123291013,1.148151199927085,0.48552374107623886,-0.4568174245314687
0.7573385518590998,0.7987003515140533,1.2374828223038237,2.9686154331639756,1.9334104107354442,1.1501267681712979,0.48624209737422686,-0.4578461555299613
0.7592954990215264,-0.042815097154092596,1.2393166761615007,2.971778651199843,1.9365591091417866,1.152102336415511,0.48696045367221485,-0.4588748865284538
0.7612524461839529,1.8151089490106622,1.2411505300191776,2.97494186923571,1.9397078075481295,1.154077904659724,0.48767880997020285,-0.45990361752694636
0.7632093933463796,-0.14237250480418562,1.2429843838768546,2.9781050872715773,1.9428565059544725,1.156053472903937,0.48839716626819085,-0.46093234852543896
0.7651663405088063,2.494165287934046,1.2448182377345318,2.9812683053074447,1.9460052043608154,1.15802904114815,0.48911552256617896,-0.46196107952393156
0.7671232876712328,1.283557295040166,1.2466520915922088,2.9844315233433116,1.9491539027671578,1.160004609392363,0.48983387886416696,-0.4629898105224241
0.7690802348336594,1.7280224413903975,1.2484859454498856,2.987594741379179,1.9523026011735003,1.161980177636576,0.49055223516215496,-0.4640185415209166
0.7710371819960861,0.14157527161947647,1.2503197993075628,2.9907579594150464,1.9554512995798432,1.163955745880789,0.49127059146014296,-0.4650472725194092
0.7729941291585127,2.0978248435195472,1.25215365316524,2.993921177450914,1.9585999979861861,1.165931314125002,0.49198894775813096,-0.4660760035179018
0.7749510763209393,-0.9489593660193201,1.2539875070229167,2.997084395486781,1.9617486963925286,1.167906882369215,0.49270730405611896,-0.46710473451639434
0.7769080234833659,2.034026590245819,1.2558213608805937,3.0002476135226486,1.9648973947988715,1.1698824506134278,0.49342566035410695,-0.4681334655148869
0.7788649706457925,1.498037826713987,1.2576552147382707,3.003410831558516,1.9680460932052144,1.171858018857641,0.49414401665209506,-0.4691621965133795
0.7808219178082192,2.869666915842418,1.259489068595948,3.0065740495943833,1.9711947916115569,1.173833587101854,0.49486237295008306,-0.4701909275118721
0.7827788649706457,-0.45353517523786935,1.2613229224536249,3.0097372676302503,1.9743434900178998,1.1758091553460668,0.49558072924807106,-0.4712196585103646
0.7847358121330723,1.7114488337599578,1.2631567763113016,3.0129004856661172,1.9774921884242422,1.1777847235902799,0.49629908554605906,-0.47224838950885717
0.786692759295499,1.5276538254565326,1.2649906301689788,3.0160637037019846,1.9806408868305851,1.179760291834493,0.49701744184404706,-0.4732771205073497
0.7886497064579256,2.2949089251626793,1.2668244840266558,3.019226921737852,1.983789585236928,1.1817358600787058,0.49773579814203517,-0.4743058515058423
0.7906066536203522,0.4715292869362021,1.2686583378843328,3.0223901397737194,1.9869382836432705,1.1837114283229189,0.49845415444002317,-0.47533458250433486
0.7925636007827788,1.0020058057194543,1.2704921917420098,3.025553357809587,1.9900869820496134,1.185686996567132,0.49917251073801117,-0.4763633135028274
0.7945205479452054,-0.3483969635910791,1.2723260455996868,3.028716575845454,1.993235680455956,1.1876625648113448,0.49989086703599916,-0.47739204450132
0.7964774951076321,0.16948850798758242,1.2741598994573637,3.0318797938813216,1.9963843788622988,1.1896381330555579,0.5006092233339872,-0.4784207754998126
0.7984344422700587,1.271791473519829,1.2759937533150407,3.035043011917189,1.9995330772686417,1.191613701299771,0.5013275796319752,-0.47944950649830514
0.8003913894324852,3.038206229953056,1.2778276071727177,3.038206229953056,2.002681775674984,1.1935892695439838,0.5020459359299632,-0.4804782374967977
0.8023483365949119,0.5986895451736747,1.2796614610303947,3.0413694479889233,2.005830474081327,1.1955648377881969,0.5027642922279513,-0.4815069684952903
0.8043052837573386,3.6615209104205175,1.2814953148880717,3.0445326660247907,2.00897917248767,1.19754040603241,0.5034826485259393,-0.4825356994937829
0.8062622309197651,3.615005999878282,1.2833291687457486,3.0476958840606576,2.0121278708940125,1.1995159742766228,0.5042010048239273,-0.4835644304922754
0.8082191780821917,0.9960531767870267,1.2851630226034256,3.050859102096525,2.0152765693003554,1.2014915425208357,0.5049193611219153,-0.4845931614907679
0.8101761252446184,-1.2724101897513331,1.2869968764611026,3.0540223201323924,2.018425267706698,1.203467110765049,0.5056377174199034,-0.4856218924892605
0.812133072407045,-0.7033066790890252,1.2888307303187796,3.0571855381682598,2.0215739661130407,1.2054426790092618,0.5063560737178914,-0.4866506234877531
0.8140900195694716,0.4117734851707797,1.2906645841764566,3.060348756204127,2.0247226645193837,1.2074182472534747,0.5070744300158794,-0.48767935448624566
0.8160469667318981,2.8534376092588265,1.2924984380341336,3.0635119742399946,2.027871362925726,1.2093938154976878,0.5077927863138674,-0.4887080854847382
0.8180039138943248,1.2506912008642999,1.2943322918918105,3.066675192275862,2.031020061332069,1.2113693837419008,0.5085111426118554,-0.4897368164832308
0.8199608610567515,-0.2670872059674043,1.2961661457494877,3.0698384103117293,2.034168759738412,1.213344951986114,0.5092294989098435,-0.4907655474817234
0.821917808219178,0.9106562130026143,1.2979999996071647,3.0730016283475963,2.0373174581447544,1.2153205202303268,0.5099478552078315,-0.49179427848021595
0.8238747553816046,2.517358242680346,1.2998338534648415,3.076164846383463,2.040466156551097,1.2172960884745399,0.5106662115058195,-0.49282300947870844
0.8258317025440313,0.5309617953107948,1.3016677073225187,3.0793280644193306,2.0436148549574398,1.2192716567187527,0.5113845678038075,-0.49385174047720104
0.8277886497064579,0.4096734370689733,1.303501561180196,3.082491282455198,2.0467635533637827,1.221247224962966,0.5121029241017955,-0.49488047147569364
0.8297455968688845,3.0410134125006367,1.3053354150378726,3.0856545004910654,2.049912251770125,1.2232227932071789,0.5128212803997835,-0.4959092024741862
0.831702544031311,0.9348890833257786,1.3071692688955496,3.0888177185269328,2.053060950176468,1.2251983614513917,0.5135396366977715,-0.49693793347267873
0.8336594911937377,0.3989922783723131,1.3090031227532266,3.0919809365628,2.056209648582811,1.2271739296956048,0.5142579929957596,-0.4979666644711713
0.8356164383561644,2.0593583469891534,1.3108369766109038,3.0951441545986675,2.0593583469891534,1.2291494979398179,0.5149763492937476,-0.4989953954696639
0.837573385518591,1.2150706123791912,1.3126708304685808,3.098307372634535,2.0625070453954963,1.2311250661840307,0.5156947055917356,-0.5000241264681564
0.8395303326810175,2.4099149263143436,1.3145046843262576,3.101470590670402,2.065655743801839,1.2331006344282436,0.5164130618897236,-0.501052857466649
0.8414872798434442,2.2519481845066065,1.3163385381839348,3.1046338087062693,2.0688044422081817,1.2350762026724569,0.5171314181877116,-0.5020815884651416
0.8434442270058709,2.3599133689087823,1.3181723920416117,3.1077970267421366,2.0719531406145246,1.2370517709166697,0.5178497744856997,-0.5031103194636342
0.8454011741682974,2.0805019340998827,1.3200062458992887,3.1109602447780036,2.075101839020867,1.2390273391608826,0.5185681307836877,-0.5041390504621267
0.847358121330724,1.1150483980554156,1.3218400997569657,3.114123462813871,2.07825053742721,1.2410029074050957,0.5192864870816757,-0.5051677814606192
0.8493150684931506,2.0733165409451866,1.3236739536146427,3.1172866808497384,2.081399235833553,1.2429784756493087,0.5200048433796637,-0.5061965124591118
0.8512720156555773,1.3870940376092031,1.3255078074723197,3.1204498988856058,2.0845479342398954,1.2449540438935218,0.5207231996776517,-0.5072252434576044
0.8532289628180039,3.027480255672165,1.3273416613299966,3.123613116921473,2.0876966326462383,1.2469296121377347,0.5214415559756397,-0.508253974456097
0.8551859099804304,2.2363913556850945,1.3291755151876736,3.1267763349573405,2.0908453310525807,1.2489051803819478,0.5221599122736277,-0.5092827054545895
0.8571428571428571,1.786103657850426,1.3310093690453506,3.129939552993208,2.0939940294589237,1.2508807486261606,0.5228782685716158,-0.5103114364530821
0.8590998043052838,3.3482712548304887,1.3328432229030276,3.1331027710290753,2.0971427278652666,1.252856316870374,0.5235966248696038,-0.5113401674515747
0.8610567514677103,1.3423463319852953,1.3346770767607046,3.1362659890649423,2.100291426271609,1.2548318851145868,0.5243149811675918,-0.5123688984500672
0.8630136986301369,-0.7853422141486333,1.3365109306183816,3.139429207100809,2.103440124677952,1.2568074533587996,0.5250333374655798,-0.5133976294485597
0.8649706457925636,0.9275226174117778,1.3383447844760585,3.1425924251366766,2.1065888230842944,1.2587830216030127,0.5257516937635678,-0.5144263604470524
0.8669275929549902,2.651695432286401,1.3401786383337355,3.145755643172544,2.1097375214906373,1.2607585898472258,0.5264700500615559,-0.5154550914455449
0.8688845401174168,1.4190755209697516,1.3420124921914125,3.1489188612084114,2.1128862198969802,1.2627341580914386,0.5271884063595439,-0.5164838224440375
0.8708414872798433,1.6472980977993246,1.3438463460490895,3.1520820792442787,2.1160349183033227,1.2647097263356515,0.5279067626575319,-0.51751255344253
0.87279843444227,0.7389932587356876,1.3456801999067665,3.155245297280146,2.1191836167096656,1.2666852945798648,0.5286251189555199,-0.5185412844410227
0.8747553816046967,2.9749584363237744,1.3475140537644437,3.1584085153160135,2.1223323151160085,1.2686608628240776,0.529343475253508,-0.5195700154395152
0.8767123287671232,0.60009209125678,1.3493479076221206,3.161571733351881,2.125481013522351,1.2706364310682905,0.5300618315514959,-0.5205987464380077
0.8786692759295498,2.496188420431344,1.3511817614797974,3.164734951387748,2.128629711928694,1.2726119993125036,0.5307801878494839,-0.5216274774365003
0.8806262230919765,0.836412817592403,1.3530156153374746,3.1678981694236152,2.1317784103350363,1.2745875675567166,0.531498544147472,-0.5226562084349928
0.8825831702544031,2.30652007197654,1.3548494691951516,3.1710613874594826,2.1349271087413793,1.2765631358009297,0.53221690044546,-0.5236849394334855
0.8845401174168297,1.662157899598156,1.3566833230528286,3.1742246054953496,2.138075807147722,1.2785387040451426,0.532935256743448,-0.524713670431978
0.8864970645792563,0.44751108530960737,1.3585171769105056,3.177387823531217,2.1412245055540646,1.2805142722893557,0.533653613041436,-0.5257424014304706
0.8884540117416829,2.0969812062316597,1.3603510307681825,3.1805510415670843,2.1443732039604075,1.2824898405335685,0.5343719693394241,-0.5267711324289631
0.8904109589041096,-0.01544207178138346,1.3621848846258597,3.1837142596029517,2.1475219023667504,1.2844654087777818,0.5350903256374121,-0.5277998634274558
0.8923679060665362,0.6718097161811712,1.3640187384835367,3.186877477638819,2.150670600773093,1.2864409770219947,0.5358086819354001,-0.5288285944259483
0.8943248532289627,1.6881765375829736,1.3658525923412135,3.1900406956746865,2.1538192991794354,1.2884165452662075,0.5365270382333881,-0.5298573254244409
0.8962818003913894,0.33877867648409266,1.3676864461988907,3.193203913710554,2.1569679975857783,1.2903921135104206,0.5372453945313761,-0.5308860564229334
0.898238747553816,0.25328586069671666,1.3695203000565677,3.1963671317464213,2.160116695992121,1.2923676817546337,0.5379637508293642,-0.531914787421426
0.9001956947162426,6.875216070133253,1.3713541539142446,3.1995303497822882,2.1632653943984637,1.2943432499988465,0.5386821071273522,-0.5329435184199185
0.9021526418786692,0.13728631506333344,1.3731880077719216,3.202693567818155,2.1664140928048066,1.2963188182430594,0.5394004634253402,-0.533972249418411
0.9041095890410958,2.1806157051819124,1.3750218616295986,3.2058567858540226,2.1695627912111495,1.2982943864872727,0.5401188197233282,-0.5350009804169037
0.9060665362035225,2.9935334748264,1.3768557154872756,3.20902000388989,2.172711489617492,1.3002699547314855,0.5408371760213162,-0.5360297114153962
0.9080234833659491,1.0971640515006231,1.3786895693449526,3.2121832219257573,2.175860188023835,1.3022455229756984,0.5415555323193042,-0.5370584424138888
0.9099804305283756,1.0136805647255498,1.3805234232026296,3.2153464399616247,2.1790088864301773,1.3042210912199115,0.5422738886172922,-0.5380871734123813
0.9119373776908023,1.7562444186985855,1.3823572770603065,3.218509657997492,2.1821575848365202,1.3061966594641246,0.5429922449152803,-0.539115904410874
0.913894324853229,2.9879374684654354,1.3841911309179835,3.2216728760333595,2.185306283242863,1.3081722277083376,0.5437106012132683,-0.5401446354093665
0.9158512720156555,2.016822443184257,1.3860249847756605,3.224836094069227,2.1884549816492056,1.3101477959525507,0.5444289575112563,-0.5411733664078591
0.9178082191780821,0.5169783235105931,1.3878588386333375,3.227999312105094,2.1916036800555485,1.3121233641967636,0.5451473138092443,-0.5422020974063516
0.9197651663405088,1.8882319582592426,1.3896926924910145,3.231162530140961,2.1947523784618914,1.3140989324409764,0.5458656701072323,-0.5432308284048442
0.9217221135029354,1.1286625292118673,1.3915265463486914,3.2343257481768286,2.197901076868234,1.3160745006851897,0.5465840264052204,-0.5442595594033368
0.923679060665362,1.1870390130053388,1.3933604002063684,3.2374889662126956,2.201049775274577,1.3180500689294026,0.5473023827032084,-0.5452882904018294
0.9256360078277885,3.051804600390776,1.3951942540640454,3.240652184248563,2.2041984736809193,1.3200256371736154,0.5480207390011964,-0.5463170214003219
0.9275929549902152,2.7131973456334477,1.3970281079217224,3.2438154022844303,2.207347172087262,1.3220012054178285,0.5487390952991844,-0.5473457523988144
0.9295499021526419,0.9822405613324101,1.3988619617793996,3.2469786203202977,2.210495870493605,1.3239767736620416,0.5494574515971724,-0.5483744833973071
0.9315068493150684,-0.5494032143957996,1.4006958156370766,3.250141838356165,2.2136445688999475,1.3259523419062544,0.5501758078951604,-0.5494032143957996
0.933463796477495,-0.06513723068149213,1.4025296694947533,3.2533050563920325,2.2167932673062904,1.3279279101504673,0.5508941641931484,-0.5504319453942922
0.9354207436399217,1.47584152579993,1.4043635233524305,3.2564682744279,2.219941965712633,1.3299034783946806,0.5516125204911365,-0.5514606763927847
0.9373776908023483,0.39190189047234025,1.4061973772101075,3.2596314924637673,2.223090664118976,1.3318790466388934,0.5523308767891245,-0.5524894073912773
0.9393346379647749,1.7439018054090023,1.4080312310677845,3.262794710499634,2.2262393625253187,1.3338546148831065,0.5530492330871125,-0.5535181383897698
0.9412915851272015,0.11962045415055034,1.4098650849254615,3.265957928535501,2.229388060931661,1.3358301831273194,0.5537675893851005,-0.5545468693882624
0.9432485322896281,0.2856125081212969,1.4116989387831385,3.2691211465713685,2.232536759338004,1.3378057513715325,0.5544859456830885,-0.555575600386755
0.9452054794520548,2.2187578227747657,1.4135327926408157,3.272284364607236,2.235685457744347,1.3397813196157455,0.5552043019810766,-0.5566043313852476
0.9471624266144814,3.0875664947684376,1.4153666464984926,3.2754475826431033,2.2388341561506895,1.3417568878599586,0.5559226582790646,-0.5576330623837401
0.9491193737769079,2.119039886886649,1.4172005003561694,3.2786108006789707,2.241982854557032,1.3437324561041715,0.5566410145770526,-0.5586617933822327
0.9510763209393346,2.708794155940855,1.4190343542138466,3.281774018714838,2.245131552963375,1.3457080243483843,0.5573593708750406,-0.5596905243807253
0.9530332681017613,2.974560571829475,1.4208682080715236,3.2849372367507055,2.2482802513697178,1.3476835925925976,0.5580777271730287,-0.5607192553792179
0.9549902152641878,2.767229425544878,1.4227020619292006,3.288100454786573,2.2514289497760607,1.3496591608368105,0.5587960834710167,-0.5617479863777104
0.9569471624266144,0.553497589385846,1.4245359157868775,3.29126367282244,2.254577648182403,1.3516347290810233,0.5595144397690047,-0.5627767173762029
0.958904109589041,2.021552369223003,1.4263697696445545,3.294426890858307,2.257726346588746,1.3536102973252364,0.5602327960669927,-0.5638054483746956
0.9608610567514677,1.7852458070785835,1.4282036235022315,3.2975901088941746,2.260875044995089,1.3555858655694495,0.5609511523649807,-0.5648341793731881
0.9628180039138943,0.5473753687314722,1.4300374773599085,3.3007533269300415,2.2640237434014314,1.3575614338136623,0.5616695086629687,-0.5658629103716807
0.9647749510763208,1.6710159334530714,1.4318713312175855,3.303916544965909,2.267172441807774,1.3595370020578752,0.5623878649609567,-0.5668916413701732
0.9667318982387475,-0.7382221658923495,1.4337051850752625,3.3070797630017763,2.270321140214117,1.3615125703020885,0.5631062212589448,-0.5679203723686658
0.9686888454011742,0.7567871266143217,1.4355390389329394,3.3102429810376437,2.2734698386204597,1.3634881385463014,0.5638245775569328,-0.5689491033671584
0.9706457925636007,1.96263753785223,1.4373728927906164,3.313406199073511,2.276618537026802,1.3654637067905144,0.5645429338549208,-0.569977834365651
0.9726027397260273,-1.041458141469314,1.4392067466482934,3.3165694171093785,2.279767235433145,1.3674392750347273,0.5652612901529088,-0.5710065653641435
0.974559686888454,-0.12208006930687854,1.4410406005059704,3.319732635145246,2.282915933839488,1.3694148432789404,0.5659796464508968,-0.5720352963626361
0.9765166340508806,0.9912003907690902,1.4428744543636474,3.3228958531811132,2.2860646322458305,1.3713904115231534,0.5666980027488849,-0.5730640273611287
0.9784735812133072,-1.006210568922366,1.4447083082213243,3.32605907121698,2.2892133306521734,1.3733659797673665,0.5674163590468729,-0.5740927583596213
0.9804305283757337,1.2164730601090226,1.4465421620790013,3.329222289252847,2.292362029058516,1.3753415480115794,0.5681347153448609,-0.5751214893581138
0.9823874755381604,0.11148258300971758,1.4483760159366783,3.3323855072887145,2.2955107274648587,1.3773171162557922,0.5688530716428489,-0.5761502203566063
0.9843444227005871,1.412548770278929,1.4502098697943555,3.335548725324582,2.2986594258712016,1.3792926845000055,0.5695714279408369,-0.5771789513550989
0.9863013698630136,1.035867036824214,1.4520437236520325,3.3387119433604493,2.301808124277544,1.3812682527442184,0.5702897842388249,-0.5782076823535914
0.9882583170254402,1.6889207717614705,1.4538775775097093,3.3418751613963167,2.304956822683887,1.3832438209884312,0.5710081405368129,-0.579236413352084
0.9902152641878669,0.5717264968348009,1.4557114313673865,3.345038379432184,2.3081055210902295,1.3852193892326443,0.571726496834801,-0.5802651443505766
0.9921722113502935,1.1303406814329697,1.4575452852250634,3.3482015974680515,2.3112542194965724,1.3871949574768574,0.572444853132789,-0.5812938753490692
0.9941291585127201,0.36970842290265304,1.4593791390827404,3.351364815503919,2.3144029179029153,1.3891705257210702,0.573163209430777,-0.5823226063475617
0.9960861056751467,1.8904252391612293,1.4612129929404174,3.354528033539786,2.3175516163092578,1.391146093965283,0.573881565728765,-0.5833513373460543
0.9980430528375733,3.1038851893200707,1.4630468467980944,3.357691251575653,2.3207003147156007,1.3931216622094964,0.574599922026753,-0.5843800683445469
1.0,1.2448829644473,1.4648807006557716,3.3608544696115206,2.3238490131219436,1.3950972304537093,0.5753182783247411,-0.5854087993430395
